slice,kind,label,n,residual,ci_lo,ci_hi,p,fdr
"GLOBAL (all modes, all maps)",pair,"Kaze + Colt",413,0.109917,0.065115,0.157400,0.00000,true
"GLOBAL (all modes, all maps)",pair,"Mortis + Bull",105,-0.205873,-0.295867,-0.115736,0.00001,true
"GLOBAL (all modes, all maps)",pair,"Mandy + Crow",219,-0.134312,-0.192995,-0.072949,0.00002,true
"GLOBAL (all modes, all maps)",pair,"Bea + Mortis",70,-0.212142,-0.311463,-0.109167,0.00005,true
"GLOBAL (all modes, all maps)",pair,"Max + Spike",152,0.143997,0.069692,0.218385,0.00018,false
"GLOBAL (all modes, all maps)",pair,"Melodie + Colt",290,0.104923,0.048180,0.161582,0.00029,false
"GLOBAL (all modes, all maps)",pair,"Chuck + Colt",279,0.102478,0.044075,0.158936,0.00041,false
"GLOBAL (all modes, all maps)",pair,"Kaze + Melodie",60,0.194028,0.084441,0.296488,0.00047,false
"GLOBAL (all modes, all maps)",pair,"Ash + Crow",155,0.134693,0.058586,0.212519,0.00053,false
"GLOBAL (all modes, all maps)",pair,"Mico + Carl",98,0.155843,0.066966,0.243588,0.00054,false
"GLOBAL (all modes, all maps)",pair,"Pierce + Lumi",136,-0.133679,-0.210165,-0.054942,0.00068,false
"GLOBAL (all modes, all maps)",pair,"Fang + Gene",60,0.207242,0.079942,0.323946,0.00073,false
"GLOBAL (all modes, all maps)",pair,"Meg + Barley",80,0.165934,0.073135,0.266867,0.00084,false
"GLOBAL (all modes, all maps)",pair,"Meeple + Brock",681,0.062881,0.026580,0.102537,0.00094,false
"GLOBAL (all modes, all maps)",pair,"Pearl + Griff",219,-0.110736,-0.176260,-0.042833,0.00104,false
"GLOBAL (all modes, all maps)",pair,"Lily + Edgar",94,-0.159550,-0.257019,-0.061598,0.00155,false
"GLOBAL (all modes, all maps)",pair,"Crow + Brock",1347,-0.041383,-0.066160,-0.014621,0.00158,false
"GLOBAL (all modes, all maps)",pair,"Leon + Brock",621,0.062736,0.025442,0.101766,0.00165,false
"GLOBAL (all modes, all maps)",pair,"Stu + Max",648,-0.061732,-0.100340,-0.024303,0.00179,false
"GLOBAL (all modes, all maps)",pair,"Tick + Spike",108,-0.139899,-0.223086,-0.050084,0.00208,false
"GLOBAL (all modes, all maps)",pair,"Gene + Brock",552,0.064740,0.023999,0.106000,0.00212,false
"GLOBAL (all modes, all maps)",pair,"Chuck + Edgar",102,0.135540,0.047048,0.217341,0.00219,false
"GLOBAL (all modes, all maps)",pair,"Byron + Colt",340,-0.075978,-0.126707,-0.024281,0.00268,false
"GLOBAL (all modes, all maps)",pair,"Pierce + Otis",323,-0.078244,-0.129320,-0.023982,0.00321,false
"GLOBAL (all modes, all maps)",pair,"Tick + Penny",62,-0.175950,-0.294869,-0.058109,0.00325,false
"GLOBAL (all modes, all maps)",pair,"Surge + Frank",124,0.127533,0.035554,0.212369,0.00425,false
"GLOBAL (all modes, all maps)",pair,"Stu + Barley",90,0.137085,0.045388,0.232956,0.00467,false
"GLOBAL (all modes, all maps)",pair,"Griff + Brock",1312,-0.037689,-0.064718,-0.011204,0.00508,false
"GLOBAL (all modes, all maps)",pair,"Mandy + Colt",230,-0.088805,-0.147949,-0.023714,0.00517,false
"GLOBAL (all modes, all maps)",pair,"Ash + Griff",217,0.090533,0.025726,0.154590,0.00554,false
"GLOBAL (all modes, all maps)",pair,"Buster + Gene",62,0.163959,0.041208,0.275669,0.00585,false
"GLOBAL (all modes, all maps)",pair,"Mina + Mortis",120,-0.126164,-0.217197,-0.037828,0.00601,false
"GLOBAL (all modes, all maps)",pair,"Damian + Tara",190,0.097266,0.029317,0.168000,0.00604,false
"GLOBAL (all modes, all maps)",pair,"Bo + Brock",489,-0.061279,-0.107860,-0.018815,0.00609,false
"GLOBAL (all modes, all maps)",pair,"Otis + Bull",155,0.109180,0.029010,0.185938,0.00615,false
"GLOBAL (all modes, all maps)",pair,"Angelo + Colette",78,0.146879,0.041479,0.251242,0.00800,false
"GLOBAL (all modes, all maps)",pair,"Griff + Emz",841,-0.044269,-0.076844,-0.010166,0.00810,false
"GLOBAL (all modes, all maps)",triple,"Starr Nova + Griff + Brock",61,-0.162089,-0.279196,-0.040281,0.00826,false
"GLOBAL (all modes, all maps)",pair,"Stu + Leon",83,-0.140998,-0.237763,-0.033849,0.00828,false
"GLOBAL (all modes, all maps)",pair,"Edgar + Gale",84,0.136380,0.032020,0.235342,0.00858,false
"GLOBAL (all modes, all maps)",pair,"Otis + Gene",82,-0.138983,-0.243015,-0.030296,0.00934,false
"GLOBAL (all modes, all maps)",pair,"Edgar + Bo",546,-0.053773,-0.095264,-0.013591,0.00950,false
"GLOBAL (all modes, all maps)",pair,"Piper + Crow",598,-0.051769,-0.089613,-0.012082,0.00982,false
"GLOBAL (all modes, all maps)",pair,"Byron + Sprout",107,0.121294,0.028381,0.212323,0.01001,false
"GLOBAL (all modes, all maps)",pair,"Amber + Piper",60,0.159697,0.034642,0.272305,0.01032,false
"GLOBAL (all modes, all maps)",pair,"Cordelius + Bo",114,-0.114265,-0.205070,-0.028879,0.01059,false
"GLOBAL (all modes, all maps)",pair,"Damian + Lumi",166,0.098067,0.023485,0.175596,0.01081,false
"GLOBAL (all modes, all maps)",pair,"Angelo + Colt",264,0.076216,0.016126,0.131734,0.01107,false
"GLOBAL (all modes, all maps)",pair,"Kenji + Ruffs",64,-0.149673,-0.267439,-0.035541,0.01113,false
"GLOBAL (all modes, all maps)",pair,"Emz + Colt",259,-0.077039,-0.137621,-0.019461,0.01144,false
"GLOBAL (all modes, all maps)",pair,"Kit + Crow",114,-0.107017,-0.188506,-0.022424,0.01195,false
"GLOBAL (all modes, all maps)",pair,"Byron + Gene",347,-0.064674,-0.116581,-0.014096,0.01225,false
"GLOBAL (all modes, all maps)",pair,"Squeak + Colt",108,-0.113302,-0.201476,-0.021795,0.01275,false
"GLOBAL (all modes, all maps)",pair,"Pearl + Nani",60,0.142493,0.018954,0.254715,0.01584,false
"GLOBAL (all modes, all maps)",pair,"Shade + Surge",210,0.080545,0.009178,0.145372,0.01686,false
"GLOBAL (all modes, all maps)",pair,"Bibi + Bo",179,-0.088361,-0.160245,-0.017693,0.01707,false
"GLOBAL (all modes, all maps)",pair,"Byron + Colette",103,-0.107994,-0.197390,-0.015552,0.01719,false
"GLOBAL (all modes, all maps)",pair,"Sprout + Piper",136,0.097567,0.018456,0.175974,0.01741,false
"GLOBAL (all modes, all maps)",pair,"Tara + Crow",524,0.051230,0.008584,0.091945,0.01749,false
"GLOBAL (all modes, all maps)",pair,"Squeak + Edgar",188,0.084954,0.013200,0.154230,0.01753,false
"GLOBAL (all modes, all maps)",pair,"Lumi + Stu",334,0.064330,0.010967,0.117085,0.01762,false
"GLOBAL (all modes, all maps)",pair,"Bolt + Carl",80,-0.126850,-0.236402,-0.024865,0.01838,false
"GLOBAL (all modes, all maps)",pair,"Edgar + Spike",340,-0.063730,-0.117011,-0.013878,0.01869,false
"GLOBAL (all modes, all maps)",pair,"Edgar + Dynamike",213,-0.079918,-0.146224,-0.013530,0.01950,false
"GLOBAL (all modes, all maps)",pair,"Lily + Brock",165,0.092007,0.013802,0.168599,0.01972,false
"GLOBAL (all modes, all maps)",pair,"Buzz + Emz",93,0.112909,0.018218,0.208333,0.02107,false
"GLOBAL (all modes, all maps)",pair,"Kit + Max",90,-0.113469,-0.207151,-0.013768,0.02146,false
"GLOBAL (all modes, all maps)",pair,"Doug + Surge",60,0.141932,0.021775,0.261571,0.02163,false
"GLOBAL (all modes, all maps)",pair,"Meeple + Sprout",119,0.100408,0.010900,0.179385,0.02228,false
"GLOBAL (all modes, all maps)",pair,"Charlie + Crow",118,-0.101293,-0.191189,-0.010590,0.02299,false
"GLOBAL (all modes, all maps)",pair,"Lumi + Meg",312,-0.061360,-0.113564,-0.006762,0.02313,false
"GLOBAL (all modes, all maps)",pair,"Chester + Max",262,-0.070209,-0.134745,-0.011425,0.02360,false
"GLOBAL (all modes, all maps)",pair,"Shade + Max",170,0.085029,0.007987,0.159562,0.02399,false
"GLOBAL (all modes, all maps)",pair,"Kenji + Meg",182,0.082084,0.007656,0.154663,0.02447,false
"GLOBAL (all modes, all maps)",pair,"Mico + Rico",136,0.091584,0.011151,0.169919,0.02457,false
"GLOBAL (all modes, all maps)",pair,"Starr Nova + Gene",231,-0.072518,-0.136157,-0.010525,0.02466,false
"GLOBAL (all modes, all maps)",pair,"Mico + Nani",78,0.122856,0.012209,0.226359,0.02467,false
"GLOBAL (all modes, all maps)",pair,"Mina + Carl",81,0.119789,0.017549,0.224573,0.02484,false
"GLOBAL (all modes, all maps)",pair,"Colette + Brock",382,-0.053810,-0.101746,-0.009316,0.02506,false
"GLOBAL (all modes, all maps)",pair,"Stu + Crow",879,0.038155,0.003206,0.072122,0.02542,false
"GLOBAL (all modes, all maps)",pair,"Chester + Tara",277,0.066647,0.006841,0.126603,0.02578,false
"GLOBAL (all modes, all maps)",pair,"Amber + Brock",73,-0.125518,-0.233846,-0.010296,0.02610,false
"GLOBAL (all modes, all maps)",pair,"Leon + Piper",477,0.050811,0.003236,0.094360,0.02671,false
"GLOBAL (all modes, all maps)",pair,"Chuck + Crow",187,-0.079904,-0.148669,-0.010733,0.02681,false
"GLOBAL (all modes, all maps)",pair,"Grom + Edgar",86,0.111176,0.014661,0.206951,0.02693,false
"GLOBAL (all modes, all maps)",pair,"Tick + Crow",151,0.091352,0.010186,0.171944,0.02732,false
"GLOBAL (all modes, all maps)",pair,"Grom + Surge",111,0.101970,0.008674,0.192772,0.02763,false
"GLOBAL (all modes, all maps)",pair,"Otis + Ruffs",212,-0.073178,-0.134654,-0.007579,0.02827,false
"GLOBAL (all modes, all maps)",pair,"Damian + Byron",296,-0.062217,-0.118784,-0.007432,0.02967,false
"GLOBAL (all modes, all maps)",pair,"Penny + Tara",63,-0.132738,-0.248072,-0.012301,0.02991,false
"GLOBAL (all modes, all maps)",pair,"Spike + Bull",105,-0.099399,-0.190451,-0.009572,0.03096,false
"GLOBAL (all modes, all maps)",pair,"Brock + Bull",247,-0.067351,-0.128507,-0.006075,0.03201,false
"GLOBAL (all modes, all maps)",pair,"Max + Rico",409,0.052551,0.005915,0.104121,0.03206,false
"GLOBAL (all modes, all maps)",pair,"Angelo + Mico",89,0.110975,0.007024,0.212093,0.03240,false
"GLOBAL (all modes, all maps)",pair,"Cordelius + Brock",216,-0.071197,-0.138287,-0.006140,0.03264,false
"GLOBAL (all modes, all maps)",pair,"Stu + Bibi",133,-0.090726,-0.173386,-0.004643,0.03360,false
"GLOBAL (all modes, all maps)",pair,"Emz + Rico",427,0.049067,0.003821,0.094668,0.03378,false
"GLOBAL (all modes, all maps)",pair,"8-Bit + Piper",514,0.046773,0.000654,0.090316,0.03429,false
"GLOBAL (all modes, all maps)",pair,"Stu + Piper",157,-0.084559,-0.165777,-0.005642,0.03440,false
"GLOBAL (all modes, all maps)",pair,"Bo + Colt",292,-0.062531,-0.118908,-0.002072,0.03460,false
"GLOBAL (all modes, all maps)",pair,"Lou + 8-Bit",146,-0.086033,-0.167590,-0.003133,0.03502,false
"GLOBAL (all modes, all maps)",pair,"Meg + Griff",1315,0.028340,0.002948,0.054649,0.03514,false
"GLOBAL (all modes, all maps)",pair,"Pierce + Bibi",77,-0.120727,-0.230866,-0.000872,0.03612,false
"GLOBAL (all modes, all maps)",pair,"Damian + Surge",448,0.048535,0.003057,0.093599,0.03668,false
"GLOBAL (all modes, all maps)",pair,"Byron + Mortis",319,0.056273,0.001569,0.109520,0.03678,false
"GLOBAL (all modes, all maps)",pair,"Bibi + Brock",201,-0.072817,-0.141002,-0.003656,0.03707,false
"GLOBAL (all modes, all maps)",pair,"Starr Nova + Rico",595,-0.042952,-0.081974,-0.003137,0.03861,false
"GLOBAL (all modes, all maps)",pair,"Tick + Bull",64,-0.125955,-0.238460,0.000409,0.03865,false
"GLOBAL (all modes, all maps)",pair,"Berry + Bull",128,0.090217,0.002997,0.179501,0.04058,false
"GLOBAL (all modes, all maps)",pair,"Fang + 8-Bit",174,-0.077234,-0.152018,-0.003611,0.04090,false
"GLOBAL (all modes, all maps)",pair,"Fang + Colt",133,-0.087096,-0.169023,-0.005165,0.04106,false
"GLOBAL (all modes, all maps)",pair,"Berry + Griff",291,-0.058551,-0.113146,-0.000298,0.04187,false
"GLOBAL (all modes, all maps)",pair,"Chuck + Jessie",73,0.110280,-0.002522,0.211535,0.04254,false
"GLOBAL (all modes, all maps)",pair,"Carl + Crow",402,-0.050766,-0.099656,0.000288,0.04349,false
"GLOBAL (all modes, all maps)",pair,"Otis + Spike",162,-0.074875,-0.148112,-0.004544,0.04383,false
"GLOBAL (all modes, all maps)",pair,"Bolt + Griff",438,0.045399,0.002864,0.090307,0.04416,false
"GLOBAL (all modes, all maps)",pair,"Pierce + Ruffs",228,0.067120,0.000250,0.135528,0.04418,false
"GLOBAL (all modes, all maps)",pair,"Byron + Surge",529,-0.044443,-0.087252,-0.000611,0.04443,false
"GLOBAL (all modes, all maps)",pair,"Lily + Surge",149,-0.078909,-0.155585,-0.000072,0.04472,false
"GLOBAL (all modes, all maps)",pair,"Fang + Bo",244,0.062862,0.001357,0.122802,0.04490,false
"GLOBAL (all modes, all maps)",pair,"Pierce + Byron",555,0.042901,0.002408,0.084081,0.04496,false
"GLOBAL (all modes, all maps)",pair,"Mandy + Edgar",262,0.060551,0.001990,0.121758,0.04542,false
"GLOBAL (all modes, all maps)",pair,"Emz + Penny",118,0.085821,0.001330,0.169280,0.04557,false
"GLOBAL (all modes, all maps)",pair,"Kaze + Mandy",63,-0.123459,-0.241214,-0.004548,0.04670,false
"GLOBAL (all modes, all maps)",pair,"Meeple + Squeak",94,0.102007,0.002556,0.201267,0.04844,false
"GLOBAL (all modes, all maps)",pair,"Angelo + Surge",146,-0.077001,-0.151751,-0.002253,0.04888,false
"GLOBAL (all modes, all maps)",pair,"Griff + Jessie",236,0.058681,-0.000814,0.114704,0.05002,false
"GLOBAL (all modes, all maps)",pair,"Najia + Piper",155,0.074740,-0.003521,0.144762,0.05016,false
"GLOBAL (all modes, all maps)",pair,"Dynamike + Colt",103,-0.091351,-0.183300,-0.002965,0.05105,false
"GLOBAL (all modes, all maps)",pair,"Darryl + Crow",60,0.123024,0.001918,0.248297,0.05134,false
"GLOBAL (all modes, all maps)",pair,"Mortis + Brock",615,0.038982,0.000260,0.078054,0.05153,false
"GLOBAL (all modes, all maps)",pair,"Spike + Brock",384,-0.048154,-0.096065,0.001823,0.05153,false
"GLOBAL (all modes, all maps)",pair,"Damian + Mina",107,-0.094219,-0.191247,-0.005649,0.05157,false
"GLOBAL (all modes, all maps)",pair,"Griff + Bibi",476,0.042721,-0.000697,0.085223,0.05175,false
"GLOBAL (all modes, all maps)",pair,"Kit + Gene",68,-0.111644,-0.221379,0.001220,0.05204,false
"GLOBAL (all modes, all maps)",pair,"Meg + Gene",192,-0.069044,-0.137339,0.001225,0.05212,false
"GLOBAL (all modes, all maps)",pair,"Clancy + Griff",119,0.086488,-0.004272,0.172706,0.05303,false
"GLOBAL (all modes, all maps)",pair,"Leon + Crow",308,0.055201,-0.000990,0.111805,0.05325,false
"GLOBAL (all modes, all maps)",pair,"Lumi + Bo",109,-0.090161,-0.179858,0.008267,0.05340,false
"GLOBAL (all modes, all maps)",pair,"Lumi + Surge",369,-0.051018,-0.103749,0.002267,0.05356,false
"GLOBAL (all modes, all maps)",pair,"Mandy + Penny",67,-0.115931,-0.229708,0.004965,0.05369,false
"GLOBAL (all modes, all maps)",triple,"Pierce + Griff + Crow",62,0.122242,-0.003116,0.248136,0.05509,false
"GLOBAL (all modes, all maps)",pair,"Lumi + Rico",249,0.060814,-0.000676,0.122204,0.05543,false
"GLOBAL (all modes, all maps)",pair,"Meeple + Moe",82,-0.100988,-0.203665,0.001118,0.05608,false
"GLOBAL (all modes, all maps)",pair,"Otis + Lou",73,0.109985,-0.003584,0.226225,0.05610,false
"GLOBAL (all modes, all maps)",pair,"Otis + Colette",122,-0.079496,-0.160469,0.005118,0.05749,false
"GLOBAL (all modes, all maps)",pair,"Shade + Crow",236,-0.061718,-0.123882,0.004282,0.05795,false
"GLOBAL (all modes, all maps)",pair,"Meeple + Penny",170,0.069638,0.001345,0.141342,0.05829,false
"GLOBAL (all modes, all maps)",pair,"Bea + Rico",63,-0.114150,-0.231535,-0.000314,0.06100,false
"GLOBAL (all modes, all maps)",pair,"Pierce + Crow",980,-0.029995,-0.060369,0.002566,0.06129,false
"GLOBAL (all modes, all maps)",pair,"Starr Nova + Bibi",203,0.065633,-0.004133,0.132505,0.06206,false
"GLOBAL (all modes, all maps)",pair,"Starr Nova + Chester",365,-0.047281,-0.098709,0.001258,0.06268,false
"GLOBAL (all modes, all maps)",pair,"Chester + Rico",399,0.046836,-0.003382,0.097439,0.06273,false
"GLOBAL (all modes, all maps)",pair,"8-Bit + Gene",223,-0.061710,-0.128171,0.005597,0.06413,false
"GLOBAL (all modes, all maps)",pair,"Pierce + Leon",451,0.043994,-0.002704,0.087829,0.06419,false
"GLOBAL (all modes, all maps)",pair,"Gus + Brock",241,0.060370,-0.003837,0.124941,0.06743,false
"GLOBAL (all modes, all maps)",pair,"Angelo + Piper",322,-0.050299,-0.105325,0.003587,0.06785,false
"GLOBAL (all modes, all maps)",pair,"Mandy + Griff",198,-0.064062,-0.127794,0.009526,0.06919,false
"GLOBAL (all modes, all maps)",pair,"Damian + Max",450,-0.043168,-0.092392,0.004199,0.07042,false
"GLOBAL (all modes, all maps)",pair,"Meeple + Bibi",145,-0.072625,-0.150847,0.004397,0.07181,false
"GLOBAL (all modes, all maps)",pair,"Najia + Edgar",147,0.073890,-0.008840,0.153334,0.07250,false
"GLOBAL (all modes, all maps)",pair,"Charlie + 8-Bit",82,-0.096804,-0.197203,0.013999,0.07319,false
"GLOBAL (all modes, all maps)",pair,"Griff + Grom",92,-0.092482,-0.194065,0.006711,0.07364,false
"GLOBAL (all modes, all maps)",pair,"Starr Nova + Bea",79,0.100682,-0.014318,0.210647,0.07480,false
"GLOBAL (all modes, all maps)",pair,"Colette + Rico",181,-0.061791,-0.131390,0.006542,0.07650,false
"GLOBAL (all modes, all maps)",pair,"Meeple + Mortis",547,-0.037381,-0.078999,0.004037,0.07660,false
"GLOBAL (all modes, all maps)",pair,"Starr Nova + Bo",395,0.042941,-0.005254,0.089870,0.07680,false
"GLOBAL (all modes, all maps)",pair,"Starr Nova + Mico",159,0.065524,-0.008555,0.137467,0.07771,false
"GLOBAL (all modes, all maps)",triple,"Griff + 8-Bit + Crow",76,-0.097615,-0.205191,0.009489,0.07876,false
"GLOBAL (all modes, all maps)",pair,"Ash + Rico",106,0.080331,-0.012922,0.166469,0.07951,false
"GLOBAL (all modes, all maps)",pair,"Melodie + Colette",78,0.098003,-0.019095,0.207494,0.07977,false
"GLOBAL (all modes, all maps)",pair,"Griff + Amber",107,-0.083039,-0.174955,0.010685,0.08068,false
"GLOBAL (all modes, all maps)",pair,"Starr Nova + Damian",355,0.045963,-0.001769,0.101798,0.08110,false
"GLOBAL (all modes, all maps)",pair,"Griff + Crow",1795,0.020987,-0.002020,0.044531,0.08168,false
"GLOBAL (all modes, all maps)",pair,"Piper + Jessie",69,-0.102173,-0.219988,0.013508,0.08198,false
"GLOBAL (all modes, all maps)",pair,"Pierce + Darryl",74,-0.096548,-0.203416,0.012894,0.08305,false
"GLOBAL (all modes, all maps)",pair,"Crow + Colt",849,-0.028472,-0.060182,0.003578,0.08380,false
"GLOBAL (all modes, all maps)",pair,"Crow + Mortis",661,0.034041,-0.004409,0.074596,0.08486,false
"GLOBAL (all modes, all maps)",pair,"Pearl + Leon",125,0.075221,-0.010503,0.163237,0.08493,false
"GLOBAL (all modes, all maps)",pair,"Chuck + Meg",92,-0.086827,-0.184339,0.018435,0.08502,false
"GLOBAL (all modes, all maps)",pair,"Charlie + Max",117,0.081460,-0.011087,0.172912,0.08533,false
"GLOBAL (all modes, all maps)",pair,"Pierce + Spike",186,0.062835,-0.014535,0.132816,0.08547,false
"GLOBAL (all modes, all maps)",triple,"Griff + Surge + Crow",60,0.111872,-0.019784,0.238552,0.08691,false
"GLOBAL (all modes, all maps)",pair,"Nani + Bo",66,-0.102265,-0.215376,0.015499,0.08727,false
"GLOBAL (all modes, all maps)",pair,"Ash + Stu",89,0.086471,-0.015057,0.179255,0.08776,false
"GLOBAL (all modes, all maps)",pair,"Edgar + Tick",259,0.050969,-0.009382,0.108118,0.08781,false
"GLOBAL (all modes, all maps)",pair,"Najia + Mina",77,-0.094485,-0.194961,0.017095,0.08824,false
"GLOBAL (all modes, all maps)",pair,"Melodie + Crow",173,-0.063909,-0.136040,0.014555,0.08841,false
"GLOBAL (all modes, all maps)",pair,"Emz + Poco",70,0.100180,-0.022307,0.213207,0.08882,false
"GLOBAL (all modes, all maps)",pair,"Starr Nova + Otis",490,0.039235,-0.004225,0.084116,0.08888,false
"GLOBAL (all modes, all maps)",pair,"Berry + Nita",71,0.098076,-0.011568,0.209448,0.08900,false
"GLOBAL (all modes, all maps)",pair,"Chuck + Brock",215,-0.057543,-0.122555,0.010767,0.08929,false
"GLOBAL (all modes, all maps)",pair,"Edgar + Barley",84,0.090718,-0.018235,0.192917,0.08934,false
"GLOBAL (all modes, all maps)",pair,"Mina + Surge",310,0.048808,-0.008661,0.103761,0.09132,false
"GLOBAL (all modes, all maps)",pair,"Griff + Piper",462,-0.038969,-0.083239,0.006244,0.09175,false
"GLOBAL (all modes, all maps)",pair,"Mina + Rico",203,0.057648,-0.011196,0.126571,0.09368,false
"GLOBAL (all modes, all maps)",pair,"Meeple + Kit",116,-0.075252,-0.162687,0.013922,0.09383,false
"GLOBAL (all modes, all maps)",pair,"Gus + Colt",82,0.091413,-0.015116,0.198336,0.09414,false
"GLOBAL (all modes, all maps)",pair,"Starr Nova + Surge",792,-0.029302,-0.062032,0.006079,0.09462,false
"GLOBAL (all modes, all maps)",pair,"Starr Nova + Ash",110,0.075695,-0.014947,0.160911,0.09518,false
"GLOBAL (all modes, all maps)",pair,"Griff + Darryl",89,0.089166,-0.026479,0.189499,0.09608,false
"GLOBAL (all modes, all maps)",pair,"Gigi + Griff",99,0.081016,-0.020219,0.175813,0.09630,false
"GLOBAL (all modes, all maps)",pair,"Piper + Rico",217,-0.056275,-0.122299,0.008469,0.09671,false
"GLOBAL (all modes, all maps)",pair,"Dynamike + Spike",106,-0.077785,-0.171172,0.013007,0.09687,false
"GLOBAL (all modes, all maps)",pair,"Berry + Cordelius",70,0.099492,-0.014238,0.218938,0.09716,false
"GLOBAL (all modes, all maps)",pair,"Cordelius + Edgar",208,0.055960,-0.008900,0.120832,0.09751,false
"GLOBAL (all modes, all maps)",pair,"Meeple + Meg",855,-0.027972,-0.061167,0.004746,0.09765,false
"GLOBAL (all modes, all maps)",pair,"Edgar + Jessie",191,0.056929,-0.009945,0.122702,0.09805,false
"GLOBAL (all modes, all maps)",pair,"Najia + Angelo",62,0.107584,-0.019930,0.234312,0.10075,false
"GLOBAL (all modes, all maps)",pair,"Grom + Piper",85,0.083885,-0.018802,0.180010,0.10160,false
"GLOBAL (all modes, all maps)",pair,"Kaze + Mico",78,-0.093123,-0.208110,0.017598,0.10444,false
"GLOBAL (all modes, all maps)",pair,"Meg + Lou",225,-0.055642,-0.121861,0.012580,0.10455,false
"GLOBAL (all modes, all maps)",pair,"Lily + Crow",166,0.064555,-0.018546,0.136993,0.10465,false
"GLOBAL (all modes, all maps)",pair,"Kenji + Griff",333,0.043364,-0.009368,0.096678,0.10490,false
"GLOBAL (all modes, all maps)",pair,"Kaze + Carl",75,0.090788,-0.019892,0.201113,0.10540,false
"GLOBAL (all modes, all maps)",pair,"Bibi + Bull",119,0.070033,-0.016441,0.151255,0.10574,false
"GLOBAL (all modes, all maps)",pair,"Otis + Bibi",142,-0.067088,-0.145867,0.013608,0.10588,false
"GLOBAL (all modes, all maps)",pair,"Crow + Dynamike",134,0.070868,-0.014987,0.161166,0.10657,false
"GLOBAL (all modes, all maps)",pair,"Surge + Spike",388,0.040252,-0.009886,0.090358,0.10767,false
"GLOBAL (all modes, all maps)",pair,"Berry + Colt",189,0.058043,-0.014163,0.129464,0.10814,false
"GLOBAL (all modes, all maps)",triple,"Meg + Stu + Crow",67,-0.098720,-0.210944,0.030866,0.10826,false
"GLOBAL (all modes, all maps)",pair,"Lumi + Brock",130,-0.069749,-0.150921,0.014041,0.10854,false
"GLOBAL (all modes, all maps)",pair,"Tick + Colt",119,-0.071912,-0.160490,0.014143,0.10862,false
"GLOBAL (all modes, all maps)",pair,"Pierce + Lou",162,-0.060971,-0.134066,0.013123,0.10876,false
"GLOBAL (all modes, all maps)",pair,"Pierce + Meg",576,0.032916,-0.006569,0.072886,0.10911,false
"GLOBAL (all modes, all maps)",pair,"Ruffs + Gene",108,-0.075200,-0.169247,0.018806,0.10949,false
"GLOBAL (all modes, all maps)",pair,"Otis + Crow",653,0.031037,-0.007695,0.069841,0.10994,false
"GLOBAL (all modes, all maps)",pair,"Piper + Colt",634,0.030810,-0.008307,0.069273,0.11021,false
"GLOBAL (all modes, all maps)",pair,"Najia + Gus",81,-0.083061,-0.186561,0.015560,0.11068,false
"GLOBAL (all modes, all maps)",pair,"Bibi + Tick",60,0.094471,-0.020174,0.208672,0.11100,false
"GLOBAL (all modes, all maps)",pair,"Berry + Bo",136,0.066065,-0.020126,0.144125,0.11194,false
"GLOBAL (all modes, all maps)",pair,"Piper + Mortis",397,0.040414,-0.008301,0.090490,0.11363,false
"GLOBAL (all modes, all maps)",pair,"Starr Nova + Shelly",84,-0.080359,-0.180434,0.020767,0.11372,false
"GLOBAL (all modes, all maps)",pair,"Leon + Spike",135,-0.066957,-0.149436,0.015608,0.11427,false
"GLOBAL (all modes, all maps)",pair,"Max + Brock",787,0.028670,-0.007808,0.064892,0.11517,false
"GLOBAL (all modes, all maps)",pair,"Pierce + Colt",625,0.030845,-0.007897,0.069915,0.11604,false
"GLOBAL (all modes, all maps)",pair,"Cordelius + Mortis",79,-0.089174,-0.197214,0.021381,0.11705,false
"GLOBAL (all modes, all maps)",pair,"Edgar + Colette",340,0.042726,-0.010584,0.095609,0.11760,false
"GLOBAL (all modes, all maps)",pair,"Surge + Poco",93,-0.079073,-0.175625,0.019968,0.11775,false
"GLOBAL (all modes, all maps)",pair,"Najia + Rico",63,-0.094487,-0.215739,0.023166,0.11794,false
"GLOBAL (all modes, all maps)",pair,"Moe + Chester",63,-0.093060,-0.206077,0.029759,0.11824,false
"GLOBAL (all modes, all maps)",pair,"Pierce + Carl",296,-0.046007,-0.104417,0.009847,0.11825,false
"GLOBAL (all modes, all maps)",pair,"Shade + Tara",82,-0.085167,-0.190866,0.023536,0.11901,false
"GLOBAL (all modes, all maps)",pair,"Gray + Belle",62,-0.099625,-0.223860,0.030026,0.11958,false
"GLOBAL (all modes, all maps)",pair,"Surge + 8-Bit",669,-0.030134,-0.067866,0.009257,0.12008,false
"GLOBAL (all modes, all maps)",pair,"Byron + Brock",753,0.027817,-0.006303,0.063711,0.12044,false
"GLOBAL (all modes, all maps)",pair,"Meg + Nita",116,-0.069888,-0.157589,0.014262,0.12195,false
"GLOBAL (all modes, all maps)",pair,"Damian + Kenji",63,0.093718,-0.030708,0.213729,0.12238,false
"GLOBAL (all modes, all maps)",pair,"Mico + Edgar",207,-0.052547,-0.121611,0.012727,0.12337,false
"GLOBAL (all modes, all maps)",pair,"Mico + Otis",100,0.076154,-0.021602,0.170995,0.12739,false
"GLOBAL (all modes, all maps)",pair,"Mandy + Rico",138,-0.065876,-0.150458,0.019415,0.12765,false
"GLOBAL (all modes, all maps)",pair,"Sprout + Gene",142,0.063720,-0.014474,0.143689,0.12822,false
"GLOBAL (all modes, all maps)",pair,"Mina + Ruffs",102,0.076186,-0.020911,0.173450,0.12825,false
"GLOBAL (all modes, all maps)",pair,"Gray + Crow",104,-0.071613,-0.161864,0.024540,0.12934,false
"GLOBAL (all modes, all maps)",pair,"Alli + Max",96,-0.074862,-0.172976,0.024365,0.12947,false
"GLOBAL (all modes, all maps)",pair,"Pierce + Tara",113,-0.068100,-0.153376,0.020924,0.13025,false
"GLOBAL (all modes, all maps)",pair,"Damian + Edgar",232,0.049468,-0.012025,0.115234,0.13086,false
"GLOBAL (all modes, all maps)",pair,"Belle + Crow",114,-0.067153,-0.155223,0.019342,0.13253,false
"GLOBAL (all modes, all maps)",pair,"Carl + Bo",173,0.056864,-0.020636,0.131763,0.13277,false
"GLOBAL (all modes, all maps)",pair,"Mandy + Gene",140,0.062485,-0.017991,0.143835,0.13279,false
"GLOBAL (all modes, all maps)",pair,"Starr Nova + Squeak",88,-0.079088,-0.178889,0.027024,0.13282,false
"GLOBAL (all modes, all maps)",pair,"Mandy + Brock",426,0.035596,-0.008869,0.082600,0.13320,false
"GLOBAL (all modes, all maps)",pair,"Edgar + Mortis",314,-0.042805,-0.098249,0.011292,0.13454,false
"GLOBAL (all modes, all maps)",pair,"8-Bit + Mortis",485,0.033769,-0.013480,0.078977,0.13661,false
"GLOBAL (all modes, all maps)",pair,"Nani + Carl",60,0.091615,-0.030077,0.215809,0.13672,false
"GLOBAL (all modes, all maps)",pair,"Pierce + Surge",884,-0.024571,-0.057624,0.007603,0.13672,false
"GLOBAL (all modes, all maps)",pair,"Griff + Shelly",149,0.060504,-0.019662,0.139201,0.13766,false
"GLOBAL (all modes, all maps)",pair,"Mandy + Jessie",68,-0.083887,-0.193994,0.031146,0.13859,false
"GLOBAL (all modes, all maps)",pair,"Kaze + Brock",330,-0.041632,-0.097039,0.014545,0.13953,false
"GLOBAL (all modes, all maps)",pair,"Belle + 8-Bit",110,-0.069570,-0.164574,0.023977,0.14036,false
"GLOBAL (all modes, all maps)",pair,"Bolt + Meeple",203,-0.051898,-0.118013,0.018273,0.14150,false
"GLOBAL (all modes, all maps)",pair,"Mandy + Carl",108,0.070592,-0.020904,0.164492,0.14273,false
"GLOBAL (all modes, all maps)",pair,"Berry + Carl",74,0.086086,-0.034393,0.198963,0.14298,false
"GLOBAL (all modes, all maps)",pair,"Edgar + Colt",629,0.028823,-0.011413,0.066405,0.14344,false
"GLOBAL (all modes, all maps)",pair,"Pierce + Gene",408,0.036253,-0.012661,0.085173,0.14363,false
"GLOBAL (all modes, all maps)",pair,"Gus + Byron",186,0.054098,-0.016659,0.124595,0.14379,false
"GLOBAL (all modes, all maps)",triple,"Griff + Max + Crow",61,-0.090585,-0.214446,0.025270,0.14406,false
"GLOBAL (all modes, all maps)",pair,"Pearl + Bo",85,0.074607,-0.029968,0.171211,0.14463,false
"GLOBAL (all modes, all maps)",pair,"Bo + Crow",729,0.026527,-0.008762,0.062500,0.14476,false
"GLOBAL (all modes, all maps)",pair,"Mico + Colt",332,0.039531,-0.014467,0.091159,0.14512,false
"GLOBAL (all modes, all maps)",pair,"Pierce + 8-Bit",514,-0.032800,-0.076087,0.012943,0.14559,false
"GLOBAL (all modes, all maps)",pair,"Najia + Gray",70,0.085396,-0.030870,0.203345,0.14569,false
"GLOBAL (all modes, all maps)",pair,"Damian + Leon",123,-0.066850,-0.159381,0.020502,0.14706,false
"GLOBAL (all modes, all maps)",pair,"Sprout + Rico",62,0.088623,-0.033266,0.205075,0.14710,false
"GLOBAL (all modes, all maps)",pair,"Najia + Max",140,-0.057892,-0.136798,0.022386,0.14745,false
"GLOBAL (all modes, all maps)",pair,"Griff + Sprout",71,0.083960,-0.031061,0.200064,0.14854,false
"GLOBAL (all modes, all maps)",pair,"Meeple + Dynamike",77,0.078683,-0.027555,0.190110,0.14862,false
"GLOBAL (all modes, all maps)",pair,"Shade + Colt",85,0.079930,-0.028838,0.189759,0.14920,false
"GLOBAL (all modes, all maps)",pair,"Surge + Bo",621,0.028546,-0.011482,0.066615,0.14988,false
"GLOBAL (all modes, all maps)",pair,"Cordelius + Bibi",92,0.072514,-0.029299,0.172675,0.14995,false
"GLOBAL (all modes, all maps)",pair,"Byron + Crow",385,-0.036420,-0.087127,0.011485,0.15020,false
"GLOBAL (all modes, all maps)",pair,"Mandy + Meg",104,0.070865,-0.024361,0.164043,0.15083,false
"GLOBAL (all modes, all maps)",pair,"Berry + Leon",65,0.086599,-0.030428,0.203258,0.15177,false
"GLOBAL (all modes, all maps)",pair,"Gray + Brock",253,0.043313,-0.015761,0.102635,0.15199,false
"GLOBAL (all modes, all maps)",pair,"Stu + Brock",404,-0.035480,-0.081039,0.013889,0.15326,false
"GLOBAL (all modes, all maps)",pair,"Meg + Rico",646,0.027873,-0.009289,0.065991,0.15358,false
"GLOBAL (all modes, all maps)",pair,"Fang + Squeak",73,-0.083275,-0.193406,0.032149,0.15505,false
"GLOBAL (all modes, all maps)",pair,"Surge + Gene",372,-0.037601,-0.088202,0.013958,0.15547,false
"GLOBAL (all modes, all maps)",pair,"Otis + Leon",170,-0.054423,-0.132245,0.020761,0.15595,false
"GLOBAL (all modes, all maps)",pair,"Ruffs + Colt",94,-0.072092,-0.167703,0.028896,0.15631,false
"GLOBAL (all modes, all maps)",pair,"Lou + Spike",61,0.090522,-0.031545,0.212675,0.15641,false
"GLOBAL (all modes, all maps)",pair,"Damian + Griff",625,0.027680,-0.009655,0.065020,0.15662,false
"GLOBAL (all modes, all maps)",pair,"Kaze + Penny",87,0.074423,-0.027527,0.178952,0.15768,false
"GLOBAL (all modes, all maps)",pair,"Shade + 8-Bit",123,0.060981,-0.021694,0.145208,0.15776,false
"GLOBAL (all modes, all maps)",pair,"Moe + Crow",82,0.078467,-0.027629,0.192476,0.15806,false
"GLOBAL (all modes, all maps)",pair,"Starr Nova + Gray",110,0.064519,-0.023834,0.153153,0.15814,false
"GLOBAL (all modes, all maps)",pair,"Carl + Nita",76,-0.078661,-0.188289,0.029075,0.15836,false
"GLOBAL (all modes, all maps)",pair,"Moe + Stu",68,0.082360,-0.034187,0.198669,0.15902,false
"GLOBAL (all modes, all maps)",pair,"Tara + Piper",65,-0.090490,-0.210218,0.042404,0.15907,false
"GLOBAL (all modes, all maps)",pair,"Edgar + Rico",688,-0.025843,-0.061542,0.010714,0.15910,false
"GLOBAL (all modes, all maps)",pair,"Damian + Piper",216,-0.046190,-0.108148,0.019927,0.15989,false
"GLOBAL (all modes, all maps)",pair,"Starr Nova + Alli",86,0.073186,-0.032446,0.173441,0.16213,false
"GLOBAL (all modes, all maps)",pair,"8-Bit + Colt",486,0.031613,-0.013151,0.076438,0.16314,false
"GLOBAL (all modes, all maps)",pair,"Pearl + Piper",271,0.042700,-0.017347,0.101717,0.16403,false
"GLOBAL (all modes, all maps)",pair,"Kaze + Byron",104,0.066224,-0.025807,0.160172,0.16412,false
"GLOBAL (all modes, all maps)",pair,"Max + Carl",185,-0.051951,-0.122766,0.019220,0.16504,false
"GLOBAL (all modes, all maps)",pair,"Griff + Penny",352,-0.036451,-0.087185,0.013760,0.16646,false
"GLOBAL (all modes, all maps)",pair,"Gray + Emz",77,0.074502,-0.036344,0.175861,0.16717,false
"GLOBAL (all modes, all maps)",pair,"Stu + Surge",547,-0.030089,-0.071521,0.013080,0.16730,false
"GLOBAL (all modes, all maps)",pair,"Griff + El Primo",74,0.076811,-0.031740,0.189464,0.16790,false
"GLOBAL (all modes, all maps)",pair,"Lily + Byron",76,-0.076377,-0.183708,0.028451,0.16844,false
"GLOBAL (all modes, all maps)",pair,"Griff + Byron",384,-0.034561,-0.085451,0.014409,0.16951,false
"GLOBAL (all modes, all maps)",pair,"Emz + Shelly",124,0.059190,-0.022349,0.142224,0.17161,false
"GLOBAL (all modes, all maps)",pair,"Gus + Bo",70,-0.078713,-0.189314,0.039765,0.17178,false
"GLOBAL (all modes, all maps)",pair,"Meg + Surge",653,0.025998,-0.011696,0.062545,0.17238,false
"GLOBAL (all modes, all maps)",pair,"Belle + Max",206,0.048576,-0.023473,0.117314,0.17251,false
"GLOBAL (all modes, all maps)",pair,"Melodie + Surge",130,-0.060908,-0.144950,0.031573,0.17324,false
"GLOBAL (all modes, all maps)",pair,"Kaze + Angelo",106,0.065490,-0.030733,0.160178,0.17326,false
"GLOBAL (all modes, all maps)",pair,"Starr Nova + Spike",231,0.045009,-0.018934,0.108801,0.17425,false
"GLOBAL (all modes, all maps)",pair,"Gus + Nani",85,-0.072903,-0.175820,0.034168,0.17476,false
"GLOBAL (all modes, all maps)",pair,"Alli + Brock",119,0.061423,-0.026323,0.150434,0.17662,false
"GLOBAL (all modes, all maps)",pair,"Lumi + Shade",138,0.056546,-0.029129,0.141300,0.17714,false
"GLOBAL (all modes, all maps)",pair,"Mico + Chuck",72,-0.080263,-0.202714,0.038453,0.17725,false
"GLOBAL (all modes, all maps)",pair,"Nita + Colt",127,0.057937,-0.027987,0.141882,0.17813,false
"GLOBAL (all modes, all maps)",pair,"Chester + Colt",160,-0.053457,-0.130188,0.025380,0.17961,false
"GLOBAL (all modes, all maps)",pair,"Rico + Colt",371,-0.034268,-0.084821,0.015825,0.18162,false
"GLOBAL (all modes, all maps)",pair,"Charlie + Meg",111,-0.062360,-0.151359,0.030621,0.18271,false
"GLOBAL (all modes, all maps)",pair,"Damian + Penny",122,0.059067,-0.025470,0.145360,0.18294,false
"GLOBAL (all modes, all maps)",pair,"Pearl + Brock",317,0.035695,-0.017870,0.085199,0.18303,false
"GLOBAL (all modes, all maps)",pair,"Berry + Rico",189,-0.045986,-0.113699,0.024924,0.18331,false
"GLOBAL (all modes, all maps)",pair,"Kenji + Spike",78,-0.075180,-0.186822,0.039299,0.18338,false
"GLOBAL (all modes, all maps)",pair,"Spike + Rico",247,-0.041957,-0.104714,0.021140,0.18385,false
"GLOBAL (all modes, all maps)",pair,"Max + Mortis",497,0.029974,-0.014547,0.073925,0.18475,false
"GLOBAL (all modes, all maps)",pair,"Edgar + Amber",77,-0.075209,-0.185135,0.030973,0.18479,false
"GLOBAL (all modes, all maps)",pair,"Edgar + Emz",625,-0.025549,-0.062881,0.011241,0.18524,false
"GLOBAL (all modes, all maps)",pair,"Starr Nova + Fang",158,-0.050915,-0.122204,0.026577,0.18536,false
"GLOBAL (all modes, all maps)",pair,"Griff + Squeak",172,-0.050635,-0.127917,0.026507,0.18594,false
"GLOBAL (all modes, all maps)",pair,"Damian + Poco",71,0.077080,-0.042629,0.189088,0.18652,false
"GLOBAL (all modes, all maps)",pair,"Damian + Mortis",122,-0.059377,-0.144297,0.033217,0.18808,false
"GLOBAL (all modes, all maps)",pair,"Surge + Leon",355,-0.033723,-0.084099,0.016691,0.18819,false
"GLOBAL (all modes, all maps)",pair,"Shade + Carl",66,-0.081821,-0.200135,0.041015,0.18838,false
"GLOBAL (all modes, all maps)",pair,"Shade + Nita",61,-0.081373,-0.199835,0.041745,0.18857,false
"GLOBAL (all modes, all maps)",pair,"Gigi + Surge",130,-0.059055,-0.149474,0.024439,0.19045,false
"GLOBAL (all modes, all maps)",pair,"Mandy + Surge",227,0.042673,-0.016475,0.107821,0.19120,false
"GLOBAL (all modes, all maps)",pair,"Byron + Penny",110,0.061301,-0.034139,0.154827,0.19207,false
"GLOBAL (all modes, all maps)",pair,"8-Bit + Crow",989,-0.020202,-0.049524,0.010072,0.19214,false
"GLOBAL (all modes, all maps)",pair,"Najia + Colt",129,-0.055186,-0.138706,0.025737,0.19446,false
"GLOBAL (all modes, all maps)",pair,"Meeple + Mandy",119,0.060711,-0.030046,0.154843,0.19456,false
"GLOBAL (all modes, all maps)",pair,"Otis + Carl",195,0.045731,-0.023681,0.112528,0.19620,false
"GLOBAL (all modes, all maps)",pair,"Bo + Jessie",136,0.055780,-0.027312,0.141576,0.19628,false
"GLOBAL (all modes, all maps)",pair,"Bolt + Edgar",182,0.045890,-0.025394,0.114029,0.19734,false
"GLOBAL (all modes, all maps)",pair,"Melodie + Carl",64,0.077142,-0.041667,0.192212,0.19784,false
"GLOBAL (all modes, all maps)",pair,"Meg + Ash",116,0.055008,-0.032548,0.137256,0.19832,false
"GLOBAL (all modes, all maps)",pair,"Meg + Colt",373,0.032736,-0.017465,0.083639,0.19876,false
"GLOBAL (all modes, all maps)",pair,"Gray + Nani",60,-0.084461,-0.208779,0.051274,0.19906,false
"GLOBAL (all modes, all maps)",pair,"Kaze + Rico",106,0.061307,-0.031523,0.154231,0.19916,false
"GLOBAL (all modes, all maps)",pair,"Mina + Chester",90,-0.064225,-0.161406,0.031457,0.20150,false
"GLOBAL (all modes, all maps)",pair,"Bull + Colt",187,0.046295,-0.026425,0.116512,0.20199,false
"GLOBAL (all modes, all maps)",pair,"Chester + Bo",349,0.033123,-0.018959,0.082200,0.20199,false
"GLOBAL (all modes, all maps)",pair,"Meeple + Kenji",161,-0.048431,-0.122663,0.022978,0.20293,false
"GLOBAL (all modes, all maps)",pair,"Melodie + 8-Bit",99,-0.063838,-0.162638,0.031668,0.20336,false
"GLOBAL (all modes, all maps)",pair,"Chester + Fang",72,0.072036,-0.036328,0.185637,0.20390,false
"GLOBAL (all modes, all maps)",pair,"Piper + Brock",904,0.020467,-0.013282,0.051224,0.20498,false
"GLOBAL (all modes, all maps)",pair,"Sandy + Crow",79,0.074143,-0.042220,0.183886,0.20549,false
"GLOBAL (all modes, all maps)",pair,"Bo + Dynamike",129,-0.054807,-0.141015,0.031699,0.20573,false
"GLOBAL (all modes, all maps)",pair,"Meeple + Leon",253,-0.038896,-0.099849,0.021331,0.20617,false
"GLOBAL (all modes, all maps)",pair,"Alli + Colt",115,0.057276,-0.037526,0.144733,0.20635,false
"GLOBAL (all modes, all maps)",pair,"Bolt + Gene",114,-0.058371,-0.152928,0.028943,0.20727,false
"GLOBAL (all modes, all maps)",pair,"Griff + Colt",687,-0.023855,-0.062892,0.013082,0.20878,false
"GLOBAL (all modes, all maps)",pair,"Damian + Belle",60,-0.081065,-0.203471,0.046460,0.20929,false
"GLOBAL (all modes, all maps)",pair,"Crow + Spike",355,0.032116,-0.018095,0.082733,0.21074,false
"GLOBAL (all modes, all maps)",pair,"Pierce + Alli",80,0.069474,-0.036250,0.181616,0.21076,false
"GLOBAL (all modes, all maps)",pair,"Damian + Gene",181,-0.045202,-0.112071,0.029332,0.21101,false
"GLOBAL (all modes, all maps)",pair,"Sirius + Griff",216,0.042340,-0.027992,0.106328,0.21203,false
"GLOBAL (all modes, all maps)",pair,"Pierce + Pearl",230,-0.040726,-0.105573,0.025536,0.21205,false
"GLOBAL (all modes, all maps)",pair,"Surge + Dynamike",200,-0.043360,-0.111158,0.026202,0.21316,false
"GLOBAL (all modes, all maps)",pair,"Chuck + Rico",88,-0.063525,-0.161657,0.035350,0.21369,false
"GLOBAL (all modes, all maps)",pair,"Juju + Shade",63,-0.077844,-0.197191,0.044042,0.21383,false
"GLOBAL (all modes, all maps)",pair,"Carl + Brock",424,-0.029898,-0.077062,0.019427,0.21445,false
"GLOBAL (all modes, all maps)",pair,"Emz + 8-Bit",250,-0.038981,-0.101377,0.023306,0.21460,false
"GLOBAL (all modes, all maps)",pair,"Emz + Mortis",264,-0.038502,-0.100697,0.022369,0.21471,false
"GLOBAL (all modes, all maps)",pair,"Meeple + Rico",534,0.026010,-0.014788,0.066944,0.21489,false
"GLOBAL (all modes, all maps)",pair,"Gigi + Crow",113,0.058711,-0.033861,0.151956,0.21542,false
"GLOBAL (all modes, all maps)",pair,"Grom + Leon",76,-0.068429,-0.181168,0.034767,0.21601,false
"GLOBAL (all modes, all maps)",pair,"Starr Nova + Belle",121,0.056721,-0.031922,0.149246,0.21637,false
"GLOBAL (all modes, all maps)",pair,"Najia + Squeak",60,0.077285,-0.046576,0.199990,0.21707,false
"GLOBAL (all modes, all maps)",pair,"Mina + Penny",74,0.069988,-0.045527,0.177408,0.21739,false
"GLOBAL (all modes, all maps)",pair,"Nani + Max",231,0.039421,-0.025328,0.099991,0.21788,false
"GLOBAL (all modes, all maps)",pair,"Fang + Spike",109,0.059564,-0.039238,0.155171,0.21994,false
"GLOBAL (all modes, all maps)",pair,"Bea + Leon",87,-0.065016,-0.168641,0.043098,0.22036,false
"GLOBAL (all modes, all maps)",pair,"Carl + Mortis",104,0.059273,-0.037265,0.154873,0.22056,false
"GLOBAL (all modes, all maps)",pair,"Meeple + Emz",437,0.029414,-0.017962,0.077120,0.22070,false
"GLOBAL (all modes, all maps)",pair,"Griff + Bea",104,-0.059367,-0.152417,0.038012,0.22178,false
"GLOBAL (all modes, all maps)",pair,"Stu + Colt",170,-0.046143,-0.117404,0.025584,0.22188,false
"GLOBAL (all modes, all maps)",pair,"Fang + Penny",74,-0.070889,-0.183135,0.042246,0.22261,false
"GLOBAL (all modes, all maps)",pair,"Pierce + Mortis",478,0.028534,-0.016032,0.074093,0.22276,false
"GLOBAL (all modes, all maps)",pair,"Bibi + Crow",259,-0.038254,-0.101443,0.020266,0.22336,false
"GLOBAL (all modes, all maps)",pair,"Squeak + Rico",100,0.061143,-0.031742,0.161807,0.22412,false
"GLOBAL (all modes, all maps)",pair,"Lumi + Ruffs",108,-0.058403,-0.155932,0.036880,0.22522,false
"GLOBAL (all modes, all maps)",pair,"Tara + Rico",335,-0.032954,-0.083843,0.019553,0.22572,false
"GLOBAL (all modes, all maps)",pair,"Colette + Surge",256,0.036138,-0.023534,0.093936,0.22616,false
"GLOBAL (all modes, all maps)",pair,"Tick + Bo",149,0.047152,-0.031889,0.122388,0.22683,false
"GLOBAL (all modes, all maps)",pair,"Gigi + Max",91,-0.060884,-0.159880,0.040166,0.22725,false
"GLOBAL (all modes, all maps)",pair,"Penny + Mortis",170,-0.044921,-0.116496,0.030756,0.22851,false
"GLOBAL (all modes, all maps)",pair,"Mandy + Nani",126,0.050636,-0.033369,0.131637,0.22970,false
"GLOBAL (all modes, all maps)",pair,"Bolt + Tara",117,-0.056036,-0.141147,0.042408,0.22989,false
"GLOBAL (all modes, all maps)",pair,"Edgar + Tara",386,-0.030967,-0.080473,0.018714,0.23002,false
"GLOBAL (all modes, all maps)",pair,"Kenji + Max",86,-0.066568,-0.172042,0.043723,0.23117,false
"GLOBAL (all modes, all maps)",pair,"Damian + Berry",148,-0.047345,-0.125113,0.035012,0.23258,false
"GLOBAL (all modes, all maps)",pair,"Mina + Meeple",224,-0.038903,-0.102600,0.029317,0.23306,false
"GLOBAL (all modes, all maps)",pair,"Byron + Nani",259,0.037267,-0.025023,0.098671,0.23318,false
"GLOBAL (all modes, all maps)",pair,"Pearl + Rico",111,0.054120,-0.037373,0.143263,0.23419,false
"GLOBAL (all modes, all maps)",pair,"Squeak + Max",122,0.053803,-0.032071,0.140878,0.23421,false
"GLOBAL (all modes, all maps)",pair,"Nani + Leon",177,0.044218,-0.031707,0.119723,0.23431,false
"GLOBAL (all modes, all maps)",pair,"Surge + Carl",390,0.028620,-0.019276,0.076733,0.23635,false
"GLOBAL (all modes, all maps)",pair,"Damian + Colt",93,-0.061132,-0.159833,0.035999,0.23642,false
"GLOBAL (all modes, all maps)",pair,"Eve + Colt",82,0.063599,-0.041677,0.168782,0.23654,false
"GLOBAL (all modes, all maps)",pair,"Alli + Meeple",86,0.062366,-0.042369,0.166538,0.23694,false
"GLOBAL (all modes, all maps)",pair,"Bolt + Lumi",70,0.068732,-0.043209,0.181631,0.23790,false
"GLOBAL (all modes, all maps)",pair,"Berry + Penny",75,-0.067041,-0.174623,0.046427,0.23869,false
"GLOBAL (all modes, all maps)",pair,"Kit + 8-Bit",106,-0.057018,-0.149663,0.039799,0.23880,false
"GLOBAL (all modes, all maps)",pair,"Stu + Carl",181,0.043525,-0.031096,0.113424,0.23924,false
"GLOBAL (all modes, all maps)",pair,"Pearl + Gene",153,0.046810,-0.034364,0.124191,0.23959,false
"GLOBAL (all modes, all maps)",pair,"Griff + Colette",410,-0.028975,-0.079168,0.020748,0.23962,false
"GLOBAL (all modes, all maps)",pair,"Meg + Carl",230,-0.037469,-0.099298,0.023806,0.24191,false
"GLOBAL (all modes, all maps)",pair,"Otis + Emz",259,0.035014,-0.024909,0.092208,0.24220,false
"GLOBAL (all modes, all maps)",pair,"Finx + Brock",64,-0.072323,-0.187130,0.055621,0.24341,false
"GLOBAL (all modes, all maps)",pair,"Nani + Crow",149,-0.047701,-0.129846,0.033746,0.24347,false
"GLOBAL (all modes, all maps)",pair,"Mandy + Belle",96,0.059388,-0.037220,0.163283,0.24601,false
"GLOBAL (all modes, all maps)",pair,"Angelo + Byron",215,-0.038944,-0.100430,0.026565,0.24618,false
"GLOBAL (all modes, all maps)",pair,"Meg + Colette",137,-0.049260,-0.131796,0.036321,0.24631,false
"GLOBAL (all modes, all maps)",pair,"8-Bit + Bibi",127,0.051048,-0.040976,0.136412,0.24711,false
"GLOBAL (all modes, all maps)",pair,"Meeple + Tick",111,0.054037,-0.038408,0.145949,0.24771,false
"GLOBAL (all modes, all maps)",pair,"Meeple + Berry",101,-0.055636,-0.152239,0.036775,0.24836,false
"GLOBAL (all modes, all maps)",pair,"Cordelius + Spike",83,0.061653,-0.034989,0.166931,0.24844,false
"GLOBAL (all modes, all maps)",pair,"Pierce + Rico",319,0.031584,-0.023625,0.084703,0.24856,false
"GLOBAL (all modes, all maps)",pair,"Nani + Brock",440,-0.026766,-0.071915,0.019518,0.25006,false
"GLOBAL (all modes, all maps)",pair,"Emz + Bo",394,0.028108,-0.020331,0.075077,0.25036,false
"GLOBAL (all modes, all maps)",pair,"Gigi + 8-Bit",76,0.066669,-0.041825,0.183536,0.25071,false
"GLOBAL (all modes, all maps)",pair,"Starr Nova + Pierce",823,0.019789,-0.011684,0.054837,0.25076,false
"GLOBAL (all modes, all maps)",pair,"Kenji + Bo",123,0.050246,-0.034498,0.134058,0.25124,false
"GLOBAL (all modes, all maps)",pair,"Starr Nova + Najia",125,-0.050206,-0.138043,0.037550,0.25168,false
"GLOBAL (all modes, all maps)",pair,"Nita + Rico",139,0.049583,-0.039633,0.132869,0.25235,false
"GLOBAL (all modes, all maps)",pair,"Otis + Meg",419,-0.027538,-0.074990,0.019085,0.25418,false
"GLOBAL (all modes, all maps)",pair,"Fang + Piper",210,-0.038801,-0.103156,0.029118,0.25444,false
"GLOBAL (all modes, all maps)",pair,"Mico + Bull",74,-0.066117,-0.182504,0.046790,0.25481,false
"GLOBAL (all modes, all maps)",pair,"Max + Bea",69,0.067809,-0.047177,0.186928,0.25500,false
"GLOBAL (all modes, all maps)",pair,"Starr Nova + Gigi",72,-0.064771,-0.171286,0.050936,0.25614,false
"GLOBAL (all modes, all maps)",pair,"Starr Nova + Pearl",177,-0.042078,-0.114816,0.034060,0.25768,false
"GLOBAL (all modes, all maps)",pair,"Mico + Surge",329,-0.030573,-0.085414,0.022432,0.25863,false
"GLOBAL (all modes, all maps)",pair,"Mina + Stu",185,0.040926,-0.030123,0.111364,0.25893,false
"GLOBAL (all modes, all maps)",pair,"Griff + 8-Bit",1214,-0.016178,-0.044558,0.012499,0.25927,false
"GLOBAL (all modes, all maps)",pair,"Ruffs + Rico",224,-0.037964,-0.102720,0.027325,0.25951,false
"GLOBAL (all modes, all maps)",pair,"Sirius + Edgar",126,0.049982,-0.043910,0.133032,0.25987,false
"GLOBAL (all modes, all maps)",pair,"Berry + Mico",97,-0.054242,-0.146273,0.043059,0.26033,false
"GLOBAL (all modes, all maps)",pair,"Starr Nova + Lou",165,0.045055,-0.033437,0.124088,0.26043,false
"GLOBAL (all modes, all maps)",pair,"Pierce + Grom",68,-0.064611,-0.172141,0.049230,0.26071,false
"GLOBAL (all modes, all maps)",pair,"Pearl + Colt",89,-0.060538,-0.169084,0.053444,0.26076,false
"GLOBAL (all modes, all maps)",pair,"Fang + Brock",339,-0.030638,-0.081465,0.024301,0.26078,false
"GLOBAL (all modes, all maps)",pair,"Edgar + Gene",217,-0.037724,-0.102989,0.026411,0.26146,false
"GLOBAL (all modes, all maps)",pair,"Kenji + Crow",210,0.039359,-0.026414,0.106671,0.26166,false
"GLOBAL (all modes, all maps)",pair,"Meeple + 8-Bit",524,0.023584,-0.017504,0.066445,0.26185,false
"GLOBAL (all modes, all maps)",pair,"Lumi + Chester",178,0.040873,-0.030004,0.112079,0.26218,false
"GLOBAL (all modes, all maps)",pair,"Kenji + Stu",109,-0.051615,-0.140158,0.035845,0.26319,false
"GLOBAL (all modes, all maps)",pair,"Edgar + Nita",163,0.042426,-0.035047,0.114580,0.26476,false
"GLOBAL (all modes, all maps)",pair,"Dynamike + Bull",106,0.053492,-0.041170,0.141351,0.26644,false
"GLOBAL (all modes, all maps)",pair,"Pierce + Bo",336,0.029154,-0.020257,0.081320,0.26681,false
"GLOBAL (all modes, all maps)",pair,"Gus + Griff",121,-0.048255,-0.129961,0.042610,0.26700,false
"GLOBAL (all modes, all maps)",pair,"Gus + Tick",83,0.059907,-0.047608,0.163037,0.26862,false
"GLOBAL (all modes, all maps)",pair,"Tara + Colt",184,-0.040629,-0.113838,0.033627,0.26883,false
"GLOBAL (all modes, all maps)",pair,"Doug + Griff",115,-0.050349,-0.134564,0.042793,0.26888,false
"GLOBAL (all modes, all maps)",pair,"Bolt + Rico",156,0.041940,-0.031495,0.116045,0.26956,false
"GLOBAL (all modes, all maps)",pair,"Stu + Spike",159,0.043034,-0.040686,0.115082,0.27106,false
"GLOBAL (all modes, all maps)",pair,"Mico + Bo",85,-0.058922,-0.163101,0.040318,0.27188,false
"GLOBAL (all modes, all maps)",pair,"Ruffs + Piper",138,0.047505,-0.037291,0.131894,0.27290,false
"GLOBAL (all modes, all maps)",pair,"Surge + Mortis",577,0.022631,-0.015214,0.064627,0.27365,false
"GLOBAL (all modes, all maps)",pair,"Byron + Piper",752,0.019972,-0.015332,0.056547,0.27417,false
"GLOBAL (all modes, all maps)",pair,"Pearl + Crow",205,-0.039475,-0.110825,0.030977,0.27455,false
"GLOBAL (all modes, all maps)",pair,"Starr Nova + Mina",239,-0.035544,-0.098867,0.029567,0.27479,false
"GLOBAL (all modes, all maps)",pair,"Mina + Max",361,-0.028089,-0.080234,0.021817,0.27548,false
"GLOBAL (all modes, all maps)",pair,"Angelo + Brock",247,0.034730,-0.025850,0.098167,0.27567,false
"GLOBAL (all modes, all maps)",pair,"Lumi + Bibi",105,-0.053113,-0.149737,0.043397,0.27606,false
"GLOBAL (all modes, all maps)",pair,"Gray + Surge",159,-0.043034,-0.122786,0.028945,0.27765,false
"GLOBAL (all modes, all maps)",pair,"Surge + Piper",649,-0.021297,-0.058962,0.016093,0.27868,false
"GLOBAL (all modes, all maps)",pair,"Chester + Dynamike",129,0.048081,-0.036117,0.136960,0.27910,false
"GLOBAL (all modes, all maps)",pair,"Nani + Colt",257,0.034437,-0.029908,0.097001,0.27926,false
"GLOBAL (all modes, all maps)",pair,"Mandy + Tick",124,0.048100,-0.047624,0.139033,0.28018,false
"GLOBAL (all modes, all maps)",pair,"Meeple + Gray",99,0.054940,-0.047370,0.157771,0.28103,false
"GLOBAL (all modes, all maps)",pair,"Chester + Carl",143,0.043803,-0.035959,0.121927,0.28206,false
"GLOBAL (all modes, all maps)",pair,"Colette + Piper",176,0.039335,-0.031415,0.107147,0.28235,false
"GLOBAL (all modes, all maps)",pair,"Gene + Bo",68,0.063745,-0.054445,0.179456,0.28236,false
"GLOBAL (all modes, all maps)",pair,"Rico + Shelly",88,-0.056212,-0.158258,0.045482,0.28287,false
"GLOBAL (all modes, all maps)",pair,"Carl + Tara",97,0.052897,-0.045588,0.149492,0.28479,false
"GLOBAL (all modes, all maps)",pair,"Mina + Gray",70,-0.064862,-0.183509,0.055081,0.28487,false
"GLOBAL (all modes, all maps)",pair,"Pearl + Surge",205,-0.038034,-0.107572,0.033408,0.28592,false
"GLOBAL (all modes, all maps)",pair,"Mandy + Leon",210,-0.035987,-0.103627,0.030960,0.28711,false
"GLOBAL (all modes, all maps)",pair,"Squeak + Leon",106,-0.050342,-0.140257,0.042299,0.28719,false
"GLOBAL (all modes, all maps)",pair,"Bibi + Rico",262,0.031446,-0.026550,0.091710,0.28785,false
"GLOBAL (all modes, all maps)",pair,"Emz + Bull",227,0.033682,-0.028203,0.096473,0.28834,false
"GLOBAL (all modes, all maps)",pair,"Najia + Surge",218,-0.035552,-0.099955,0.031361,0.28852,false
"GLOBAL (all modes, all maps)",pair,"Najia + Brock",327,0.028966,-0.025870,0.081982,0.28890,false
"GLOBAL (all modes, all maps)",pair,"Kit + Mortis",208,0.035711,-0.034582,0.104515,0.28916,false
"GLOBAL (all modes, all maps)",pair,"Starr Nova + Tick",111,-0.049695,-0.142726,0.049061,0.28932,false
"GLOBAL (all modes, all maps)",pair,"Edgar + Bibi",294,0.030332,-0.026387,0.086715,0.28955,false
"GLOBAL (all modes, all maps)",pair,"Byron + Max",548,0.022345,-0.019044,0.061235,0.28960,false
"GLOBAL (all modes, all maps)",pair,"Kaze + Meg",90,0.054217,-0.046711,0.151619,0.29052,false
"GLOBAL (all modes, all maps)",pair,"Berry + Tara",109,0.048996,-0.044881,0.139323,0.29112,false
"GLOBAL (all modes, all maps)",pair,"Melodie + Brock",281,-0.031051,-0.088477,0.025606,0.29192,false
"GLOBAL (all modes, all maps)",pair,"Nita + Brock",141,0.042950,-0.034541,0.125270,0.29219,false
"GLOBAL (all modes, all maps)",pair,"Gus + Spike",60,0.067382,-0.055647,0.201957,0.29341,false
"GLOBAL (all modes, all maps)",pair,"Pierce + Penny",303,-0.030686,-0.086475,0.026691,0.29348,false
"GLOBAL (all modes, all maps)",pair,"Belle + Leon",114,0.048438,-0.043771,0.138781,0.29366,false
"GLOBAL (all modes, all maps)",pair,"Piper + Spike",181,-0.039327,-0.110442,0.035647,0.29400,false
"GLOBAL (all modes, all maps)",pair,"Najia + Bo",93,-0.053473,-0.152854,0.044741,0.29461,false
"GLOBAL (all modes, all maps)",pair,"Starr Nova + Byron",443,0.024851,-0.020378,0.072829,0.29461,false
"GLOBAL (all modes, all maps)",pair,"Shade + Meg",239,-0.033861,-0.094062,0.032640,0.29513,false
"GLOBAL (all modes, all maps)",pair,"Shade + Otis",102,0.051983,-0.051737,0.143105,0.29581,false
"GLOBAL (all modes, all maps)",pair,"Fang + Griff",274,0.030934,-0.027459,0.087579,0.29613,false
"GLOBAL (all modes, all maps)",pair,"Clancy + Meg",74,-0.062828,-0.179039,0.049367,0.29635,false
"GLOBAL (all modes, all maps)",pair,"Mico + Jessie",72,0.058851,-0.056044,0.172875,0.29757,false
"GLOBAL (all modes, all maps)",pair,"Meeple + Surge",670,0.021143,-0.018967,0.061172,0.29816,false
"GLOBAL (all modes, all maps)",pair,"Starr Nova + Amber",73,-0.058880,-0.167075,0.059414,0.29874,false
"GLOBAL (all modes, all maps)",pair,"Byron + Spike",162,0.041161,-0.035694,0.118004,0.29904,false
"GLOBAL (all modes, all maps)",pair,"Max + Emz",265,0.031007,-0.030423,0.088477,0.29958,false
"GLOBAL (all modes, all maps)",pair,"Fang + Mortis",101,0.050578,-0.045244,0.146596,0.30160,false
"GLOBAL (all modes, all maps)",pair,"Lily + Emz",92,-0.052354,-0.150712,0.046190,0.30232,false
"GLOBAL (all modes, all maps)",pair,"Charlie + Surge",96,-0.052142,-0.148559,0.046871,0.30252,false
"GLOBAL (all modes, all maps)",pair,"Lumi + Penny",67,-0.062548,-0.175272,0.056652,0.30503,false
"GLOBAL (all modes, all maps)",pair,"Sirius + Stu",81,0.055588,-0.049373,0.160818,0.30605,false
"GLOBAL (all modes, all maps)",pair,"Bolt + 8-Bit",252,-0.032271,-0.094753,0.026163,0.30607,false
"GLOBAL (all modes, all maps)",pair,"Edgar + Leon",255,-0.031904,-0.089419,0.031192,0.30783,false
"GLOBAL (all modes, all maps)",pair,"Carl + Jessie",82,-0.055058,-0.156324,0.053607,0.30811,false
"GLOBAL (all modes, all maps)",pair,"Surge + Shelly",118,0.047937,-0.048710,0.145260,0.30870,false
"GLOBAL (all modes, all maps)",pair,"Gus + Gene",138,-0.041849,-0.125039,0.038401,0.30920,false
"GLOBAL (all modes, all maps)",pair,"Damian + Colette",72,-0.056404,-0.165090,0.050478,0.31006,false
"GLOBAL (all modes, all maps)",pair,"Cordelius + Rico",165,-0.036607,-0.105104,0.039174,0.31016,false
"GLOBAL (all modes, all maps)",pair,"Sirius + Chester",66,0.062677,-0.060688,0.184945,0.31070,false
"GLOBAL (all modes, all maps)",pair,"Emz + Piper",97,-0.051590,-0.155108,0.051218,0.31285,false
"GLOBAL (all modes, all maps)",pair,"Emz + Leon",120,0.044122,-0.037880,0.131741,0.31317,false
"GLOBAL (all modes, all maps)",pair,"Bolt + Spike",97,0.047648,-0.048166,0.138230,0.31361,false
"GLOBAL (all modes, all maps)",pair,"Tara + Mortis",242,-0.031747,-0.090747,0.033049,0.31475,false
"GLOBAL (all modes, all maps)",pair,"Finx + Griff",79,-0.054523,-0.158647,0.053060,0.31512,false
"GLOBAL (all modes, all maps)",pair,"Buster + Brock",65,-0.062927,-0.179498,0.067061,0.31581,false
"GLOBAL (all modes, all maps)",pair,"Chester + Byron",79,0.056215,-0.053317,0.168007,0.31647,false
"GLOBAL (all modes, all maps)",pair,"Mandy + Gray",97,-0.051319,-0.148841,0.050334,0.31651,false
"GLOBAL (all modes, all maps)",pair,"Starr Nova + Nani",136,-0.041867,-0.120108,0.043204,0.31724,false
"GLOBAL (all modes, all maps)",pair,"Piper + Bo",203,-0.035708,-0.108298,0.029975,0.31828,false
"GLOBAL (all modes, all maps)",pair,"Barley + Brock",63,-0.061546,-0.183489,0.060299,0.31912,false
"GLOBAL (all modes, all maps)",pair,"Willow + Edgar",72,0.057778,-0.057383,0.165647,0.31987,false
"GLOBAL (all modes, all maps)",pair,"Brock + Shelly",81,-0.055829,-0.170032,0.053961,0.32040,false
"GLOBAL (all modes, all maps)",pair,"Leon + Rico",185,-0.036977,-0.107404,0.038388,0.32054,false
"GLOBAL (all modes, all maps)",pair,"Starr Nova + Gale",78,-0.055009,-0.163566,0.053601,0.32142,false
"GLOBAL (all modes, all maps)",pair,"Sirius + Otis",72,-0.056718,-0.168301,0.055058,0.32211,false
"GLOBAL (all modes, all maps)",pair,"Ruffs + Edgar",151,-0.039300,-0.117854,0.041021,0.32329,false
"GLOBAL (all modes, all maps)",pair,"Otis + Brock",537,0.020746,-0.019532,0.062838,0.32393,false
"GLOBAL (all modes, all maps)",pair,"Starr Nova + Charlie",100,0.048799,-0.046634,0.150419,0.32398,false
"GLOBAL (all modes, all maps)",pair,"Meg + Tara",412,0.024079,-0.024790,0.074409,0.32501,false
"GLOBAL (all modes, all maps)",pair,"Damian + 8-Bit",347,0.026064,-0.026609,0.078218,0.32701,false
"GLOBAL (all modes, all maps)",pair,"Alli + Surge",122,0.043805,-0.045223,0.126089,0.32724,false
"GLOBAL (all modes, all maps)",pair,"Tara + Dynamike",84,0.051280,-0.053397,0.146048,0.32755,false
"GLOBAL (all modes, all maps)",pair,"Mina + Lumi",74,-0.053354,-0.156901,0.054969,0.32782,false
"GLOBAL (all modes, all maps)",pair,"Meeple + Tara",180,-0.035963,-0.108098,0.038095,0.32942,false
"GLOBAL (all modes, all maps)",pair,"Stu + Rico",490,0.021688,-0.018854,0.065575,0.33073,false
"GLOBAL (all modes, all maps)",triple,"Griff + Edgar + Crow",85,0.052263,-0.060172,0.149399,0.33133,false
"GLOBAL (all modes, all maps)",pair,"Doug + Bibi",62,-0.064524,-0.197475,0.069638,0.33179,false
"GLOBAL (all modes, all maps)",pair,"Otis + Fang",102,0.048422,-0.050800,0.151531,0.33221,false
"GLOBAL (all modes, all maps)",pair,"Pierce + Edgar",599,0.020447,-0.022369,0.061547,0.33272,false
"GLOBAL (all modes, all maps)",pair,"Damian + Cordelius",95,-0.051386,-0.154886,0.052032,0.33290,false
"GLOBAL (all modes, all maps)",pair,"Bolt + Meg",245,0.029927,-0.031529,0.089462,0.33504,false
"GLOBAL (all modes, all maps)",pair,"8-Bit + Bull",188,0.034698,-0.034577,0.099145,0.33511,false
"GLOBAL (all modes, all maps)",pair,"Griff + Frank",137,0.039110,-0.041801,0.116869,0.33546,false
"GLOBAL (all modes, all maps)",pair,"Jessie + Rico",87,-0.052814,-0.161236,0.063184,0.33589,false
"GLOBAL (all modes, all maps)",pair,"Mina + Griff",335,0.026231,-0.026679,0.080966,0.33664,false
"GLOBAL (all modes, all maps)",pair,"Pierce + Nani",267,-0.029564,-0.087376,0.030879,0.33790,false
"GLOBAL (all modes, all maps)",pair,"Gray + Byron",207,0.032804,-0.033687,0.099940,0.33915,false
"GLOBAL (all modes, all maps)",pair,"8-Bit + Carl",279,-0.029248,-0.091931,0.028716,0.33964,false
"GLOBAL (all modes, all maps)",pair,"Pierce + Gray",200,-0.034184,-0.100227,0.033091,0.34029,false
"GLOBAL (all modes, all maps)",pair,"Edgar + El Primo",90,-0.049481,-0.149908,0.051417,0.34051,false
"GLOBAL (all modes, all maps)",pair,"Mina + Tara",67,0.058448,-0.069671,0.178631,0.34142,false
"GLOBAL (all modes, all maps)",pair,"Mina + 8-Bit",255,0.030206,-0.031651,0.097602,0.34144,false
"GLOBAL (all modes, all maps)",pair,"Lou + Bibi",63,0.057716,-0.057968,0.176539,0.34145,false
"GLOBAL (all modes, all maps)",pair,"Kit + Brock",260,0.029863,-0.034462,0.089562,0.34258,false
"GLOBAL (all modes, all maps)",pair,"Gray + Leon",136,0.040056,-0.048761,0.118980,0.34312,false
"GLOBAL (all modes, all maps)",pair,"Mina + Nani",94,-0.049271,-0.152951,0.051504,0.34324,false
"GLOBAL (all modes, all maps)",pair,"Meeple + Edgar",618,-0.019411,-0.060063,0.021006,0.34352,false
"GLOBAL (all modes, all maps)",pair,"Edgar + Sprout",69,0.055073,-0.063295,0.170741,0.34367,false
"GLOBAL (all modes, all maps)",pair,"Byron + Leon",444,0.022458,-0.025178,0.068557,0.34450,false
"GLOBAL (all modes, all maps)",pair,"Belle + Edgar",110,0.044362,-0.052762,0.134713,0.34489,false
"GLOBAL (all modes, all maps)",pair,"Gene + Piper",539,0.020565,-0.022113,0.061734,0.34501,false
"GLOBAL (all modes, all maps)",pair,"Pierce + Charlie",96,-0.047065,-0.145379,0.051322,0.34705,false
"GLOBAL (all modes, all maps)",pair,"Lou + Rico",97,-0.046241,-0.142198,0.048917,0.34803,false
"GLOBAL (all modes, all maps)",pair,"8-Bit + Tick",130,-0.040589,-0.123837,0.044014,0.34804,false
"GLOBAL (all modes, all maps)",pair,"Starr Nova + Melodie",67,0.058418,-0.062902,0.178606,0.34805,false
"GLOBAL (all modes, all maps)",pair,"Tara + Bull",156,-0.037108,-0.112781,0.043374,0.34820,false
"GLOBAL (all modes, all maps)",pair,"Angelo + Nani",183,0.034775,-0.038857,0.108254,0.34824,false
"GLOBAL (all modes, all maps)",pair,"Bea + Piper",89,0.048016,-0.051029,0.153145,0.34829,false
"GLOBAL (all modes, all maps)",pair,"Lily + Colt",71,-0.054546,-0.169406,0.063302,0.34831,false
"GLOBAL (all modes, all maps)",pair,"Bibi + Shelly",87,0.050554,-0.054390,0.158115,0.34898,false
"GLOBAL (all modes, all maps)",pair,"Damian + Pearl",93,-0.050093,-0.159076,0.056125,0.35023,false
"GLOBAL (all modes, all maps)",pair,"Nita + Bull",114,0.042497,-0.050049,0.134012,0.35160,false
"GLOBAL (all modes, all maps)",pair,"Squeak + Surge",167,0.035792,-0.042587,0.108419,0.35295,false
"GLOBAL (all modes, all maps)",pair,"Penny + Colt",234,0.028978,-0.033141,0.088697,0.35308,false
"GLOBAL (all modes, all maps)",pair,"Bolt + Mortis",90,0.047457,-0.048468,0.153215,0.35468,false
"GLOBAL (all modes, all maps)",pair,"Berry + Mortis",104,-0.043823,-0.137028,0.050331,0.35529,false
"GLOBAL (all modes, all maps)",pair,"Damian + Meeple",396,-0.023407,-0.074662,0.028335,0.35594,false
"GLOBAL (all modes, all maps)",pair,"Starr Nova + Carl",282,-0.026773,-0.082975,0.031405,0.35692,false
"GLOBAL (all modes, all maps)",pair,"Bolt + Emz",150,0.037984,-0.043078,0.116830,0.35723,false
"GLOBAL (all modes, all maps)",pair,"Meg + Dynamike",136,-0.038827,-0.122205,0.040636,0.35882,false
"GLOBAL (all modes, all maps)",triple,"Griff + Crow + Mortis",63,0.058173,-0.072976,0.178304,0.35928,false
"GLOBAL (all modes, all maps)",pair,"Alli + Stu",92,-0.046930,-0.142041,0.056001,0.35969,false
"GLOBAL (all modes, all maps)",pair,"Bibi + Leon",75,0.052365,-0.061350,0.159781,0.36003,false
"GLOBAL (all modes, all maps)",pair,"Griff + Bull",405,0.022974,-0.026460,0.073728,0.36070,false
"GLOBAL (all modes, all maps)",pair,"Fang + Colette",74,-0.052479,-0.163499,0.064185,0.36100,false
"GLOBAL (all modes, all maps)",pair,"Bo + Nita",78,0.052097,-0.058307,0.162795,0.36293,false
"GLOBAL (all modes, all maps)",pair,"Chester + Surge",405,-0.023007,-0.073930,0.027554,0.36318,false
"GLOBAL (all modes, all maps)",pair,"Chester + Leon",104,-0.043191,-0.139963,0.048237,0.36357,false
"GLOBAL (all modes, all maps)",pair,"Cordelius + Colt",177,0.033885,-0.038389,0.106289,0.36374,false
"GLOBAL (all modes, all maps)",pair,"Starr Nova + Lumi",311,-0.024526,-0.073872,0.031821,0.36988,false
"GLOBAL (all modes, all maps)",pair,"Angelo + Gene",152,-0.036620,-0.116778,0.043301,0.37006,false
"GLOBAL (all modes, all maps)",pair,"Buzz + Surge",84,-0.047282,-0.151033,0.054830,0.37095,false
"GLOBAL (all modes, all maps)",pair,"Pierce + Max",833,0.014924,-0.017642,0.047284,0.37116,false
"GLOBAL (all modes, all maps)",pair,"Chester + Bibi",187,0.032483,-0.038047,0.104835,0.37580,false
"GLOBAL (all modes, all maps)",pair,"Pierce + Mandy",274,0.026862,-0.033246,0.084239,0.37730,false
"GLOBAL (all modes, all maps)",pair,"Amber + Colt",107,0.041423,-0.054376,0.132336,0.37820,false
"GLOBAL (all modes, all maps)",pair,"Surge + Gale",96,0.044126,-0.054980,0.143502,0.37881,false
"GLOBAL (all modes, all maps)",pair,"Fang + Surge",260,0.027449,-0.033599,0.088796,0.38027,false
"GLOBAL (all modes, all maps)",pair,"Melodie + Rico",69,0.052585,-0.062469,0.172604,0.38088,false
"GLOBAL (all modes, all maps)",pair,"Berry + Chester",77,-0.047212,-0.145865,0.056615,0.38122,false
"GLOBAL (all modes, all maps)",pair,"Griff + Lou",344,0.022815,-0.029558,0.075140,0.38264,false
"GLOBAL (all modes, all maps)",pair,"Ruffs + Brock",338,0.023554,-0.030365,0.075016,0.38281,false
"GLOBAL (all modes, all maps)",pair,"Tick + Tara",99,-0.042457,-0.138440,0.052761,0.38299,false
"GLOBAL (all modes, all maps)",pair,"Angelo + Edgar",83,-0.046908,-0.154624,0.055504,0.38332,false
"GLOBAL (all modes, all maps)",pair,"Leon + Tara",113,-0.041047,-0.133861,0.048527,0.38356,false
"GLOBAL (all modes, all maps)",pair,"Bo + Mortis",294,-0.024722,-0.081014,0.034395,0.38490,false
"GLOBAL (all modes, all maps)",pair,"Crow + Barley",73,0.052506,-0.074592,0.168158,0.38777,false
"GLOBAL (all modes, all maps)",pair,"Gale + Brock",82,-0.046636,-0.151448,0.057938,0.38780,false
"GLOBAL (all modes, all maps)",pair,"Nani + 8-Bit",175,0.032460,-0.041076,0.106516,0.38972,false
"GLOBAL (all modes, all maps)",pair,"Meeple + Fang",115,0.039968,-0.048710,0.130054,0.38991,false
"GLOBAL (all modes, all maps)",pair,"Pierce + Piper",723,0.016141,-0.019779,0.052773,0.39054,false
"GLOBAL (all modes, all maps)",pair,"Bolt + Chester",98,-0.043808,-0.144452,0.056193,0.39078,false
"GLOBAL (all modes, all maps)",pair,"Colette + Penny",96,0.042668,-0.054056,0.138436,0.39117,false
"GLOBAL (all modes, all maps)",pair,"Damian + Crow",598,0.017686,-0.020889,0.059718,0.39138,false
"GLOBAL (all modes, all maps)",pair,"Bolt + Otis",134,-0.036541,-0.121188,0.042893,0.39206,false
"GLOBAL (all modes, all maps)",pair,"Dynamike + Brock",170,-0.032638,-0.104053,0.040330,0.39237,false
"GLOBAL (all modes, all maps)",pair,"Penny + Jessie",79,-0.046626,-0.151461,0.063488,0.39237,false
"GLOBAL (all modes, all maps)",pair,"Najia + Byron",166,0.032164,-0.034870,0.109958,0.39343,false
"GLOBAL (all modes, all maps)",pair,"Gigi + Pierce",115,-0.040899,-0.132954,0.050287,0.39343,false
"GLOBAL (all modes, all maps)",pair,"Mina + Edgar",178,0.032115,-0.041612,0.107609,0.39556,false
"GLOBAL (all modes, all maps)",pair,"Tara + Bo",334,0.023309,-0.031886,0.079423,0.39581,false
"GLOBAL (all modes, all maps)",pair,"Shade + Bull",111,-0.040667,-0.138414,0.052228,0.39650,false
"GLOBAL (all modes, all maps)",pair,"Griff + Nita",245,0.026745,-0.036894,0.093414,0.39654,false
"GLOBAL (all modes, all maps)",pair,"Gray + 8-Bit",150,-0.034190,-0.115349,0.042386,0.39659,false
"GLOBAL (all modes, all maps)",pair,"Meg + Leon",255,-0.026616,-0.084822,0.038473,0.39660,false
"GLOBAL (all modes, all maps)",pair,"Tara + Shelly",97,0.043235,-0.054537,0.145011,0.39769,false
"GLOBAL (all modes, all maps)",pair,"Surge + Colt",655,-0.015850,-0.054951,0.023034,0.40164,false
"GLOBAL (all modes, all maps)",pair,"Bolt + Kit",283,-0.025302,-0.082549,0.032609,0.40165,false
"GLOBAL (all modes, all maps)",pair,"Fang + Meg",157,-0.032759,-0.113775,0.041329,0.40195,false
"GLOBAL (all modes, all maps)",pair,"Chester + Otis",263,0.025103,-0.033936,0.085087,0.40303,false
"GLOBAL (all modes, all maps)",pair,"Kit + Meg",81,0.045185,-0.056918,0.149544,0.40384,false
"GLOBAL (all modes, all maps)",pair,"Pierce + Mina",317,-0.022863,-0.075514,0.031305,0.40418,false
"GLOBAL (all modes, all maps)",pair,"Griff + Edgar",1321,0.011140,-0.014599,0.036976,0.40421,false
"GLOBAL (all modes, all maps)",pair,"Starr Nova + Buzz",83,0.047511,-0.067978,0.159924,0.40424,false
"GLOBAL (all modes, all maps)",pair,"Edgar + Penny",240,-0.026631,-0.088709,0.034344,0.40465,false
"GLOBAL (all modes, all maps)",pair,"Cordelius + Colette",82,-0.044272,-0.146206,0.063281,0.40520,false
"GLOBAL (all modes, all maps)",pair,"Penny + Spike",77,0.046811,-0.059111,0.155913,0.40575,false
"GLOBAL (all modes, all maps)",pair,"Charlie + Brock",128,0.035901,-0.051490,0.123392,0.40829,false
"GLOBAL (all modes, all maps)",pair,"Surge + Bibi",331,0.022951,-0.033256,0.075886,0.40872,false
"GLOBAL (all modes, all maps)",pair,"Gus + Surge",167,-0.031611,-0.101568,0.044990,0.40900,false
"GLOBAL (all modes, all maps)",pair,"Alli + Bo",76,0.046232,-0.067816,0.153863,0.40917,false
"GLOBAL (all modes, all maps)",pair,"Meeple + Colette",124,-0.035560,-0.120742,0.050685,0.40945,false
"GLOBAL (all modes, all maps)",pair,"Lou + Surge",190,0.029061,-0.042553,0.096445,0.40953,false
"GLOBAL (all modes, all maps)",pair,"Colette + Carl",87,0.044504,-0.060574,0.147277,0.40956,false
"GLOBAL (all modes, all maps)",pair,"Gray + Rico",91,0.043573,-0.060008,0.146903,0.40976,false
"GLOBAL (all modes, all maps)",pair,"8-Bit + Bo",336,0.022300,-0.032404,0.075352,0.41017,false
"GLOBAL (all modes, all maps)",pair,"Mina + Emz",115,-0.037139,-0.123064,0.051419,0.41100,false
"GLOBAL (all modes, all maps)",pair,"Kenji + Edgar",130,0.035556,-0.049332,0.120591,0.41135,false
"GLOBAL (all modes, all maps)",pair,"Gene + Rico",107,-0.040364,-0.135823,0.059453,0.41260,false
"GLOBAL (all modes, all maps)",pair,"Penny + Rico",111,-0.037962,-0.125691,0.053059,0.41290,false
"GLOBAL (all modes, all maps)",pair,"Gus + Mortis",128,-0.036035,-0.123951,0.049384,0.41399,false
"GLOBAL (all modes, all maps)",pair,"Bibi + Colt",129,0.036301,-0.050438,0.124325,0.41515,false
"GLOBAL (all modes, all maps)",pair,"Carl + Bull",80,-0.044437,-0.148808,0.066806,0.41584,false
"GLOBAL (all modes, all maps)",pair,"Pearl + Byron",198,-0.029329,-0.097868,0.040241,0.41791,false
"GLOBAL (all modes, all maps)",pair,"Emz + Frank",83,0.042931,-0.061187,0.145488,0.41800,false
"GLOBAL (all modes, all maps)",pair,"Meeple + Colt",170,-0.030734,-0.106237,0.045043,0.41916,false
"GLOBAL (all modes, all maps)",pair,"Kenji + Otis",73,-0.047339,-0.161861,0.067453,0.41988,false
"GLOBAL (all modes, all maps)",pair,"Starr Nova + Mandy",153,0.033031,-0.045457,0.115032,0.42085,false
"GLOBAL (all modes, all maps)",pair,"Gray + Edgar",145,0.031772,-0.044907,0.109629,0.42092,false
"GLOBAL (all modes, all maps)",pair,"Stu + Ruffs",334,-0.022264,-0.077285,0.030937,0.42169,false
"GLOBAL (all modes, all maps)",pair,"Otis + Mortis",240,-0.026981,-0.095756,0.042684,0.42195,false
"GLOBAL (all modes, all maps)",pair,"Mandy + Otis",78,0.045895,-0.068162,0.154940,0.42233,false
"GLOBAL (all modes, all maps)",pair,"Otis + Tara",233,0.026208,-0.036238,0.088602,0.42315,false
"GLOBAL (all modes, all maps)",pair,"Pearl + Otis",84,0.041914,-0.068176,0.142726,0.42379,false
"GLOBAL (all modes, all maps)",pair,"Pearl + Ruffs",77,0.045700,-0.058829,0.167233,0.42382,false
"GLOBAL (all modes, all maps)",pair,"Mico + Bibi",83,0.043430,-0.065756,0.147307,0.42430,false
"GLOBAL (all modes, all maps)",pair,"Griff + Dynamike",267,0.023988,-0.035060,0.081457,0.42481,false
"GLOBAL (all modes, all maps)",pair,"Kaze + Surge",183,-0.029764,-0.101129,0.043829,0.42507,false
"GLOBAL (all modes, all maps)",pair,"Damian + Dynamike",80,0.044333,-0.064112,0.156071,0.42509,false
"GLOBAL (all modes, all maps)",pair,"Sprout + 8-Bit",94,-0.040072,-0.140898,0.057641,0.42583,false
"GLOBAL (all modes, all maps)",pair,"Kenji + Chester",97,0.040128,-0.058753,0.138663,0.42656,false
"GLOBAL (all modes, all maps)",pair,"Sirius + Emz",83,-0.045206,-0.157639,0.065675,0.43035,false
"GLOBAL (all modes, all maps)",pair,"Bolt + Mina",63,0.049609,-0.076311,0.166074,0.43120,false
"GLOBAL (all modes, all maps)",pair,"Angelo + Crow",169,-0.029690,-0.099405,0.050332,0.43159,false
"GLOBAL (all modes, all maps)",pair,"Bolt + Colette",66,-0.047933,-0.166174,0.071140,0.43335,false
"GLOBAL (all modes, all maps)",pair,"Colette + Max",95,-0.038119,-0.134064,0.057658,0.43413,false
"GLOBAL (all modes, all maps)",pair,"Starr Nova + Nita",95,-0.041162,-0.139371,0.062489,0.43550,false
"GLOBAL (all modes, all maps)",pair,"Damian + Rico",354,-0.021103,-0.073317,0.032919,0.43592,false
"GLOBAL (all modes, all maps)",pair,"Najia + Meg",109,-0.037981,-0.133693,0.059599,0.43608,false
"GLOBAL (all modes, all maps)",pair,"Najia + Leon",148,-0.032075,-0.117716,0.045001,0.43672,false
"GLOBAL (all modes, all maps)",pair,"Mandy + Mortis",127,0.034338,-0.046010,0.126847,0.43683,false
"GLOBAL (all modes, all maps)",pair,"Squeak + Gene",68,-0.047800,-0.171151,0.080019,0.43827,false
"GLOBAL (all modes, all maps)",pair,"Meg + Brock",855,0.012851,-0.020141,0.045240,0.44007,false
"GLOBAL (all modes, all maps)",pair,"Charlie + Stu",67,-0.047798,-0.168897,0.077527,0.44123,false
"GLOBAL (all modes, all maps)",pair,"Lumi + Edgar",233,0.025698,-0.037917,0.092382,0.44250,false
"GLOBAL (all modes, all maps)",pair,"8-Bit + Spike",207,0.025166,-0.038616,0.087033,0.44264,false
"GLOBAL (all modes, all maps)",pair,"Chester + Shelly",80,0.041554,-0.068257,0.144352,0.44288,false
"GLOBAL (all modes, all maps)",pair,"Mico + 8-Bit",149,0.031348,-0.049250,0.115088,0.44449,false
"GLOBAL (all modes, all maps)",pair,"Meg + Penny",209,-0.025868,-0.096356,0.040660,0.44584,false
"GLOBAL (all modes, all maps)",pair,"Pierce + Bea",104,-0.036744,-0.126163,0.062144,0.44752,false
"GLOBAL (all modes, all maps)",pair,"Colette + 8-Bit",208,0.026063,-0.043399,0.093307,0.45026,false
"GLOBAL (all modes, all maps)",pair,"Surge + Jessie",136,-0.032221,-0.110994,0.052838,0.45043,false
"GLOBAL (all modes, all maps)",pair,"Jessie + Bull",78,0.041976,-0.063666,0.151904,0.45166,false
"GLOBAL (all modes, all maps)",pair,"Meg + Max",758,0.013222,-0.021520,0.046610,0.45222,false
"GLOBAL (all modes, all maps)",pair,"Gray + Griff",119,-0.034133,-0.122328,0.052663,0.45324,false
"GLOBAL (all modes, all maps)",pair,"Meeple + Bull",114,-0.035314,-0.125087,0.058013,0.45574,false
"GLOBAL (all modes, all maps)",pair,"Max + Penny",157,0.028897,-0.047386,0.101763,0.45780,false
"GLOBAL (all modes, all maps)",pair,"Carl + Spike",103,-0.035138,-0.129135,0.052782,0.45786,false
"GLOBAL (all modes, all maps)",pair,"Mandy + Gus",109,-0.034990,-0.123681,0.060393,0.45788,false
"GLOBAL (all modes, all maps)",pair,"Melodie + Penny",69,0.045150,-0.071360,0.162757,0.45871,false
"GLOBAL (all modes, all maps)",pair,"Max + Colt",279,-0.021799,-0.076106,0.034686,0.45922,false
"GLOBAL (all modes, all maps)",pair,"Meeple + Carl",224,0.024409,-0.040671,0.089282,0.45943,false
"GLOBAL (all modes, all maps)",pair,"Meeple + Charlie",61,-0.046603,-0.163391,0.081340,0.46079,false
"GLOBAL (all modes, all maps)",pair,"Stu + Emz",404,-0.018506,-0.066902,0.031435,0.46193,false
"GLOBAL (all modes, all maps)",pair,"Ash + Surge",74,-0.044586,-0.160776,0.076806,0.46345,false
"GLOBAL (all modes, all maps)",pair,"Starr Nova + Leon",257,0.022731,-0.037165,0.083260,0.46478,false
"GLOBAL (all modes, all maps)",pair,"Chester + Emz",369,-0.019067,-0.069954,0.032293,0.46638,false
"GLOBAL (all modes, all maps)",pair,"Berry + Edgar",282,0.021125,-0.034274,0.080005,0.46660,false
"GLOBAL (all modes, all maps)",pair,"Surge + Bull",327,0.019566,-0.034122,0.071892,0.46905,false
"GLOBAL (all modes, all maps)",pair,"Najia + Crow",136,-0.030550,-0.115772,0.054302,0.46905,false
"GLOBAL (all modes, all maps)",pair,"Starr Nova + Cordelius",135,-0.031093,-0.112769,0.052170,0.46968,false
"GLOBAL (all modes, all maps)",pair,"Melodie + Otis",70,0.043117,-0.073678,0.157612,0.47055,false
"GLOBAL (all modes, all maps)",pair,"Edgar + Shelly",148,-0.029233,-0.107119,0.053751,0.47071,false
"GLOBAL (all modes, all maps)",pair,"Shade + Chester",134,-0.032108,-0.117822,0.055356,0.47158,false
"GLOBAL (all modes, all maps)",pair,"Starr Nova + Mortis",320,0.020010,-0.036858,0.073997,0.47266,false
"GLOBAL (all modes, all maps)",pair,"Damian + Meg",403,-0.017645,-0.067797,0.028935,0.47297,false
"GLOBAL (all modes, all maps)",pair,"Cordelius + Emz",128,0.030583,-0.053125,0.111751,0.47455,false
"GLOBAL (all modes, all maps)",pair,"8-Bit + Jessie",113,0.032152,-0.058531,0.118179,0.47575,false
"GLOBAL (all modes, all maps)",pair,"Kaze + Crow",230,-0.023557,-0.086660,0.042365,0.47614,false
"GLOBAL (all modes, all maps)",pair,"Frank + Tara",75,0.040232,-0.070729,0.148504,0.47632,false
"GLOBAL (all modes, all maps)",pair,"Chuck + Bo",62,-0.045140,-0.179325,0.072042,0.47666,false
"GLOBAL (all modes, all maps)",pair,"Byron + Carl",137,0.030824,-0.054769,0.118636,0.47684,false
"GLOBAL (all modes, all maps)",pair,"Mina + Colt",90,-0.037881,-0.141401,0.069041,0.47753,false
"GLOBAL (all modes, all maps)",pair,"Gale + Bibi",68,-0.044429,-0.167063,0.075522,0.47753,false
"GLOBAL (all modes, all maps)",pair,"Fang + Emz",141,0.029474,-0.052047,0.111400,0.47767,false
"GLOBAL (all modes, all maps)",pair,"Chuck + Otis",97,-0.034679,-0.130102,0.066606,0.47976,false
"GLOBAL (all modes, all maps)",pair,"Damian + Chester",241,0.023342,-0.038196,0.089472,0.48046,false
"GLOBAL (all modes, all maps)",pair,"Mico + Brock",356,0.018307,-0.033054,0.069473,0.48092,false
"GLOBAL (all modes, all maps)",pair,"Pierce + Kaze",271,0.021637,-0.040606,0.084044,0.48375,false
"GLOBAL (all modes, all maps)",pair,"Ash + Max",96,-0.035818,-0.138342,0.064911,0.48465,false
"GLOBAL (all modes, all maps)",pair,"Chester + Mortis",272,-0.020783,-0.081171,0.037910,0.48548,false
"GLOBAL (all modes, all maps)",pair,"Tick + Piper",160,-0.026858,-0.102742,0.049047,0.48576,false
"GLOBAL (all modes, all maps)",pair,"Leon + Colt",203,-0.024250,-0.096586,0.041751,0.48712,false
"GLOBAL (all modes, all maps)",pair,"Lumi + Otis",169,0.026792,-0.054201,0.099419,0.48749,false
"GLOBAL (all modes, all maps)",pair,"Damian + Mandy",90,-0.036967,-0.139577,0.071779,0.48839,false
"GLOBAL (all modes, all maps)",pair,"Meg + Sandy",65,0.042591,-0.084024,0.165115,0.48940,false
"GLOBAL (all modes, all maps)",pair,"Sirius + Meg",113,-0.031357,-0.120176,0.055219,0.48982,false
"GLOBAL (all modes, all maps)",pair,"Angelo + Mandy",92,-0.034453,-0.131590,0.063231,0.49120,false
"GLOBAL (all modes, all maps)",pair,"Lumi + Lou",83,-0.038955,-0.147026,0.075739,0.49171,false
"GLOBAL (all modes, all maps)",pair,"Alli + Crow",185,0.024341,-0.041925,0.097052,0.49282,false
"GLOBAL (all modes, all maps)",pair,"Griff + Bo",906,0.011266,-0.020872,0.040562,0.49285,false
"GLOBAL (all modes, all maps)",pair,"Pierce + Stu",434,0.016422,-0.031332,0.064039,0.49476,false
"GLOBAL (all modes, all maps)",pair,"Berry + Mandy",89,0.035508,-0.059677,0.144632,0.49507,false
"GLOBAL (all modes, all maps)",pair,"Rico + Bull",307,-0.019507,-0.075412,0.036452,0.49620,false
"GLOBAL (all modes, all maps)",pair,"Squeak + Crow",113,0.032246,-0.056819,0.120730,0.49632,false
"GLOBAL (all modes, all maps)",pair,"Emz + Tick",133,0.028697,-0.057405,0.111283,0.49643,false
"GLOBAL (all modes, all maps)",pair,"Melodie + Meg",67,-0.041334,-0.159355,0.077138,0.49671,false
"GLOBAL (all modes, all maps)",pair,"Ruffs + Mortis",187,0.023844,-0.046183,0.089236,0.49906,false
"GLOBAL (all modes, all maps)",pair,"Berry + Meg",245,-0.020704,-0.080198,0.039256,0.49961,false
"GLOBAL (all modes, all maps)",pair,"Sirius + Bibi",60,0.043814,-0.080234,0.167962,0.50075,false
"GLOBAL (all modes, all maps)",pair,"Kit + Griff",148,0.027411,-0.051036,0.108527,0.50111,false
"GLOBAL (all modes, all maps)",pair,"Stu + Bo",234,-0.022310,-0.089254,0.037214,0.50149,false
"GLOBAL (all modes, all maps)",pair,"Griff + Surge",1262,0.009128,-0.018156,0.036957,0.50233,false
"GLOBAL (all modes, all maps)",pair,"Ash + 8-Bit",79,0.036929,-0.065304,0.147258,0.50245,false
"GLOBAL (all modes, all maps)",pair,"Kaze + Nani",101,-0.033170,-0.126715,0.063270,0.50316,false
"GLOBAL (all modes, all maps)",pair,"Starr Nova + Max",639,-0.013176,-0.052082,0.025415,0.50402,false
"GLOBAL (all modes, all maps)",pair,"Max + 8-Bit",601,-0.013872,-0.053477,0.024861,0.50429,false
"GLOBAL (all modes, all maps)",pair,"Najia + Meeple",128,0.028216,-0.057882,0.112140,0.50556,false
"GLOBAL (all modes, all maps)",pair,"Clancy + Bo",64,0.041060,-0.079621,0.161512,0.50560,false
"GLOBAL (all modes, all maps)",pair,"Buzz + Crow",125,-0.030182,-0.116314,0.059331,0.50563,false
"GLOBAL (all modes, all maps)",pair,"Gale + Crow",91,0.034936,-0.070653,0.138791,0.50573,false
"GLOBAL (all modes, all maps)",pair,"Bolt + Bo",208,0.022136,-0.043300,0.083948,0.50669,false
"GLOBAL (all modes, all maps)",pair,"Kenji + Rico",135,0.027269,-0.053807,0.108104,0.50901,false
"GLOBAL (all modes, all maps)",pair,"Stu + Lou",172,-0.025211,-0.102882,0.051299,0.51023,false
"GLOBAL (all modes, all maps)",pair,"Berry + Surge",236,0.020786,-0.039639,0.086225,0.51052,false
"GLOBAL (all modes, all maps)",pair,"Kit + Darryl",106,0.032902,-0.063180,0.134293,0.51086,false
"GLOBAL (all modes, all maps)",pair,"Frank + Rico",109,-0.030880,-0.123081,0.060763,0.51191,false
"GLOBAL (all modes, all maps)",pair,"Mico + Crow",310,0.018134,-0.035616,0.069003,0.51274,false
"GLOBAL (all modes, all maps)",pair,"Ruffs + Leon",84,0.036916,-0.069534,0.149473,0.51307,false
"GLOBAL (all modes, all maps)",pair,"Chester + Buzz",76,-0.037065,-0.149699,0.073922,0.51370,false
"GLOBAL (all modes, all maps)",pair,"Meg + Mortis",527,0.014353,-0.029737,0.057906,0.51556,false
"GLOBAL (all modes, all maps)",pair,"Damian + Najia",80,-0.035376,-0.141705,0.079613,0.51620,false
"GLOBAL (all modes, all maps)",pair,"Byron + Bea",76,0.037917,-0.080438,0.149071,0.51724,false
"GLOBAL (all modes, all maps)",pair,"Otis + Tick",71,0.038045,-0.078206,0.152223,0.51753,false
"GLOBAL (all modes, all maps)",pair,"Otis + Edgar",447,0.015477,-0.033239,0.062730,0.51803,false
"GLOBAL (all modes, all maps)",pair,"Mandy + Squeak",87,-0.034986,-0.140437,0.072239,0.51813,false
"GLOBAL (all modes, all maps)",pair,"Damian + Stu",330,-0.017884,-0.071757,0.036997,0.51847,false
"GLOBAL (all modes, all maps)",pair,"Amber + Surge",93,0.032952,-0.075337,0.132221,0.51872,false
"GLOBAL (all modes, all maps)",pair,"Byron + Emz",72,-0.036940,-0.145406,0.071534,0.52024,false
"GLOBAL (all modes, all maps)",pair,"Starr Nova + Angelo",107,-0.030445,-0.120768,0.061083,0.52049,false
"GLOBAL (all modes, all maps)",pair,"Griff + Barley",126,0.027396,-0.054195,0.111211,0.52087,false
"GLOBAL (all modes, all maps)",pair,"Mortis + Rico",352,-0.016837,-0.069649,0.034004,0.52164,false
"GLOBAL (all modes, all maps)",pair,"Gale + Emz",71,-0.039100,-0.160481,0.081769,0.52471,false
"GLOBAL (all modes, all maps)",pair,"Surge + Max",762,0.011324,-0.023656,0.045080,0.52629,false
"GLOBAL (all modes, all maps)",pair,"Crow + Bull",296,0.018585,-0.039648,0.073411,0.52906,false
"GLOBAL (all modes, all maps)",pair,"Meeple + Gene",304,0.017872,-0.038170,0.073867,0.52979,false
"GLOBAL (all modes, all maps)",pair,"Mr. P + Brock",105,0.031163,-0.067344,0.133325,0.53008,false
"GLOBAL (all modes, all maps)",pair,"Lou + Tara",77,-0.036025,-0.140848,0.081726,0.53012,false
"GLOBAL (all modes, all maps)",pair,"Meeple + Griff",1114,-0.009181,-0.036288,0.019334,0.53056,false
"GLOBAL (all modes, all maps)",pair,"Colette + Bull",109,0.031612,-0.067828,0.125447,0.53075,false
"GLOBAL (all modes, all maps)",pair,"Gray + Sprout",66,0.038675,-0.083998,0.159732,0.53252,false
"GLOBAL (all modes, all maps)",pair,"Angelo + Carl",64,-0.040128,-0.166895,0.085444,0.53284,false
"GLOBAL (all modes, all maps)",triple,"Surge + Crow + Brock",77,-0.033948,-0.142492,0.070422,0.53359,false
"GLOBAL (all modes, all maps)",pair,"Angelo + Mortis",78,-0.033456,-0.140199,0.075593,0.53570,false
"GLOBAL (all modes, all maps)",pair,"R-T + Brock",72,0.036772,-0.078764,0.152809,0.53572,false
"GLOBAL (all modes, all maps)",triple,"Griff + Crow + Brock",70,-0.036480,-0.150310,0.077599,0.53573,false
"GLOBAL (all modes, all maps)",pair,"Chester + Bull",188,0.022457,-0.047516,0.092666,0.53602,false
"GLOBAL (all modes, all maps)",pair,"Najia + Griff",130,-0.026511,-0.107814,0.058722,0.53638,false
"GLOBAL (all modes, all maps)",pair,"Carl + Penny",99,0.032031,-0.071824,0.132407,0.53708,false
"GLOBAL (all modes, all maps)",pair,"Meg + Spike",248,0.019124,-0.039871,0.080394,0.53808,false
"GLOBAL (all modes, all maps)",pair,"Angelo + Griff",92,-0.030967,-0.129850,0.067794,0.53885,false
"GLOBAL (all modes, all maps)",pair,"Bolt + Max",222,-0.020437,-0.086010,0.044908,0.53887,false
"GLOBAL (all modes, all maps)",pair,"Starr Nova + Brock",845,-0.010552,-0.043197,0.022627,0.53957,false
"GLOBAL (all modes, all maps)",pair,"Meeple + Mico",79,0.034155,-0.072375,0.139377,0.54035,false
"GLOBAL (all modes, all maps)",pair,"Juju + Edgar",74,0.033984,-0.068974,0.142449,0.54069,false
"GLOBAL (all modes, all maps)",pair,"Pierce + Angelo",234,0.020231,-0.046671,0.085692,0.54325,false
"GLOBAL (all modes, all maps)",pair,"Mandy + Colette",91,0.032573,-0.072601,0.137913,0.54332,false
"GLOBAL (all modes, all maps)",pair,"Shade + Dynamike",77,-0.033531,-0.145076,0.071353,0.54377,false
"GLOBAL (all modes, all maps)",pair,"Meeple + Piper",305,-0.017368,-0.074245,0.038842,0.54422,false
"GLOBAL (all modes, all maps)",pair,"Colette + Bo",196,0.021604,-0.048377,0.094842,0.54439,false
"GLOBAL (all modes, all maps)",pair,"Pierce + Lily",88,0.033164,-0.068618,0.142213,0.54466,false
"GLOBAL (all modes, all maps)",pair,"Sirius + Surge",108,0.029386,-0.062084,0.126450,0.54529,false
"GLOBAL (all modes, all maps)",pair,"Kenji + Emz",129,0.024996,-0.060466,0.104541,0.54621,false
"GLOBAL (all modes, all maps)",pair,"Doug + Edgar",85,0.031965,-0.067641,0.136602,0.54654,false
"GLOBAL (all modes, all maps)",pair,"Griff + Buzz",161,0.024085,-0.050479,0.102700,0.54682,false
"GLOBAL (all modes, all maps)",pair,"Bolt + Byron",226,0.019633,-0.040957,0.084031,0.54759,false
"GLOBAL (all modes, all maps)",pair,"Meg + Shelly",91,-0.031921,-0.135734,0.068417,0.54782,false
"GLOBAL (all modes, all maps)",pair,"Edgar + Lou",150,0.024247,-0.053965,0.103302,0.54912,false
"GLOBAL (all modes, all maps)",pair,"Edgar + Surge",1008,-0.009318,-0.040451,0.021097,0.55072,false
"GLOBAL (all modes, all maps)",pair,"Berry + Spike",91,0.031211,-0.067582,0.131711,0.55131,false
"GLOBAL (all modes, all maps)",pair,"Meg + Jessie",126,-0.026394,-0.114717,0.056633,0.55154,false
"GLOBAL (all modes, all maps)",pair,"Mico + Leon",71,-0.034851,-0.148551,0.080410,0.55332,false
"GLOBAL (all modes, all maps)",pair,"Ash + Emz",60,0.036430,-0.077871,0.157575,0.55360,false
"GLOBAL (all modes, all maps)",pair,"Gale + Rico",71,0.035424,-0.087061,0.156244,0.55614,false
"GLOBAL (all modes, all maps)",pair,"Colette + Mortis",92,-0.030705,-0.131861,0.072978,0.55965,false
"GLOBAL (all modes, all maps)",pair,"Emz + Spike",214,-0.019386,-0.085533,0.047551,0.56199,false
"GLOBAL (all modes, all maps)",pair,"Kit + Surge",134,0.025548,-0.060284,0.108030,0.56204,false
"GLOBAL (all modes, all maps)",pair,"Otis + Ash",70,0.035422,-0.081957,0.151925,0.56247,false
"GLOBAL (all modes, all maps)",pair,"Damian + Tick",84,-0.030991,-0.133543,0.074379,0.56466,false
"GLOBAL (all modes, all maps)",pair,"Sirius + Bo",67,-0.034796,-0.146972,0.087623,0.56515,false
"GLOBAL (all modes, all maps)",pair,"Starr Nova + Griff",1127,0.008357,-0.019583,0.037230,0.56548,false
"GLOBAL (all modes, all maps)",pair,"Chester + Colette",80,0.031362,-0.070551,0.140426,0.56671,false
"GLOBAL (all modes, all maps)",pair,"Pearl + Spike",73,0.034281,-0.080574,0.147993,0.56838,false
"GLOBAL (all modes, all maps)",pair,"Shade + Stu",179,0.021527,-0.051518,0.099087,0.57162,false
"GLOBAL (all modes, all maps)",pair,"Mandy + Byron",246,-0.017440,-0.077429,0.044621,0.57333,false
"GLOBAL (all modes, all maps)",pair,"Chester + Nita",82,-0.031677,-0.144949,0.079272,0.57340,false
"GLOBAL (all modes, all maps)",pair,"Berry + Crow",215,0.018169,-0.044034,0.083593,0.57382,false
"GLOBAL (all modes, all maps)",pair,"Cordelius + Tara",86,0.030701,-0.077450,0.134651,0.57476,false
"GLOBAL (all modes, all maps)",pair,"Chester + Meg",429,-0.013350,-0.062313,0.032264,0.57492,false
"GLOBAL (all modes, all maps)",pair,"Shade + Edgar",205,0.019629,-0.050428,0.086568,0.57515,false
"GLOBAL (all modes, all maps)",pair,"Gale + Colt",68,-0.033154,-0.147653,0.080569,0.57521,false
"GLOBAL (all modes, all maps)",pair,"Buzz + Edgar",90,-0.030584,-0.138631,0.079763,0.57525,false
"GLOBAL (all modes, all maps)",pair,"Meeple + Lou",172,0.021454,-0.051112,0.100771,0.57606,false
"GLOBAL (all modes, all maps)",pair,"Pearl + Mortis",84,0.030623,-0.078130,0.137298,0.57631,false
"GLOBAL (all modes, all maps)",pair,"Bolt + Stu",155,0.022072,-0.055618,0.101505,0.57647,false
"GLOBAL (all modes, all maps)",pair,"Alli + Otis",83,-0.029536,-0.134998,0.075266,0.57650,false
"GLOBAL (all modes, all maps)",pair,"Angelo + Max",153,0.023657,-0.061109,0.108476,0.57661,false
"GLOBAL (all modes, all maps)",pair,"Fang + Leon",87,-0.029315,-0.127540,0.077693,0.57791,false
"GLOBAL (all modes, all maps)",pair,"Frank + Brock",66,-0.034229,-0.156221,0.087598,0.57831,false
"GLOBAL (all modes, all maps)",pair,"Mico + Byron",98,0.027579,-0.071162,0.123628,0.57875,false
"GLOBAL (all modes, all maps)",pair,"Meeple + Crow",831,-0.009340,-0.041076,0.024636,0.57904,false
"GLOBAL (all modes, all maps)",pair,"Griff + Tara",705,-0.010434,-0.046824,0.025176,0.57994,false
"GLOBAL (all modes, all maps)",pair,"Bea + Brock",108,0.026273,-0.068702,0.120862,0.58120,false
"GLOBAL (all modes, all maps)",pair,"Gigi + Rico",72,0.032579,-0.086050,0.145848,0.58134,false
"GLOBAL (all modes, all maps)",pair,"Starr Nova + Frank",69,-0.033620,-0.157819,0.086373,0.58178,false
"GLOBAL (all modes, all maps)",pair,"Byron + Bo",162,-0.021119,-0.100429,0.054548,0.58239,false
"GLOBAL (all modes, all maps)",pair,"Clancy + Crow",61,0.035334,-0.084932,0.165695,0.58277,false
"GLOBAL (all modes, all maps)",pair,"Lumi + Griff",563,-0.011722,-0.053136,0.029728,0.58350,false
"GLOBAL (all modes, all maps)",pair,"Pearl + Gus",68,-0.032140,-0.142688,0.084674,0.58558,false
"GLOBAL (all modes, all maps)",pair,"Juju + Surge",74,0.033255,-0.092553,0.147168,0.58597,false
"GLOBAL (all modes, all maps)",pair,"Otis + Penny",104,-0.026632,-0.123836,0.071308,0.58616,false
"GLOBAL (all modes, all maps)",pair,"Mandy + Max",182,0.019715,-0.051392,0.090958,0.58704,false
"GLOBAL (all modes, all maps)",pair,"Lily + Otis",72,-0.032020,-0.142343,0.081681,0.58790,false
"GLOBAL (all modes, all maps)",pair,"Buzz + Rico",113,0.025225,-0.066217,0.117070,0.58856,false
"GLOBAL (all modes, all maps)",pair,"Gray + Piper",226,0.017882,-0.045881,0.085542,0.58863,false
"GLOBAL (all modes, all maps)",pair,"Kenji + Berry",72,-0.033140,-0.151792,0.088499,0.58914,false
"GLOBAL (all modes, all maps)",pair,"Finx + Surge",66,-0.032763,-0.156796,0.079027,0.58959,false
"GLOBAL (all modes, all maps)",pair,"Gus + Edgar",138,0.022708,-0.059738,0.104588,0.59281,false
"GLOBAL (all modes, all maps)",pair,"Gale + Bo",75,0.031691,-0.084168,0.149395,0.59304,false
"GLOBAL (all modes, all maps)",pair,"Charlie + Byron",79,-0.029597,-0.138185,0.080521,0.59474,false
"GLOBAL (all modes, all maps)",pair,"Doug + Emz",64,0.033354,-0.094867,0.154329,0.59479,false
"GLOBAL (all modes, all maps)",pair,"Sirius + Crow",131,0.023711,-0.066206,0.110149,0.59563,false
"GLOBAL (all modes, all maps)",pair,"Mina + Gene",197,0.018597,-0.048719,0.091999,0.59732,false
"GLOBAL (all modes, all maps)",pair,"Chester + Crow",577,0.010933,-0.029092,0.051249,0.59746,false
"GLOBAL (all modes, all maps)",pair,"Starr Nova + Colette",210,-0.018367,-0.087126,0.050683,0.59832,false
"GLOBAL (all modes, all maps)",pair,"Otis + Griff",685,0.010000,-0.027240,0.047916,0.59938,false
"GLOBAL (all modes, all maps)",pair,"Griff + Gene",208,-0.018471,-0.089775,0.046507,0.60017,false
"GLOBAL (all modes, all maps)",pair,"Tick + Rico",134,-0.022791,-0.109620,0.059938,0.60038,false
"GLOBAL (all modes, all maps)",pair,"Darryl + Brock",88,0.028415,-0.075478,0.139876,0.60211,false
"GLOBAL (all modes, all maps)",pair,"Chester + Ruffs",148,-0.020737,-0.096655,0.058386,0.60224,false
"GLOBAL (all modes, all maps)",pair,"Shade + Emz",170,0.019490,-0.054865,0.092307,0.60232,false
"GLOBAL (all modes, all maps)",pair,"Starr Nova + Meg",699,-0.009493,-0.045964,0.026817,0.60334,false
"GLOBAL (all modes, all maps)",pair,"Meeple + Cordelius",127,-0.022737,-0.108916,0.062178,0.60381,false
"GLOBAL (all modes, all maps)",pair,"Edgar + Max",457,-0.011988,-0.058302,0.032428,0.60402,false
"GLOBAL (all modes, all maps)",pair,"Pearl + 8-Bit",158,-0.020491,-0.097215,0.060190,0.60826,false
"GLOBAL (all modes, all maps)",pair,"Surge + Rico",690,0.009813,-0.027154,0.047946,0.60879,false
"GLOBAL (all modes, all maps)",pair,"Tick + Gene",77,0.029604,-0.084894,0.143477,0.60950,false
"GLOBAL (all modes, all maps)",pair,"Max + Bibi",82,0.029020,-0.085315,0.138461,0.61074,false
"GLOBAL (all modes, all maps)",pair,"Lily + Meg",106,-0.023916,-0.115764,0.068479,0.61120,false
"GLOBAL (all modes, all maps)",pair,"Chester + Edgar",409,-0.012772,-0.064923,0.035631,0.61281,false
"GLOBAL (all modes, all maps)",pair,"Pierce + Gus",196,-0.017137,-0.084536,0.048762,0.61363,false
"GLOBAL (all modes, all maps)",pair,"Crow + Nita",191,0.019361,-0.059977,0.091827,0.61367,false
"GLOBAL (all modes, all maps)",pair,"Griff + Ruffs",658,-0.009787,-0.047903,0.029046,0.61452,false
"GLOBAL (all modes, all maps)",pair,"Najia + Gene",119,0.023209,-0.068017,0.114017,0.61486,false
"GLOBAL (all modes, all maps)",pair,"Angelo + Penny",61,0.032405,-0.097950,0.161129,0.61550,false
"GLOBAL (all modes, all maps)",pair,"Griff + Belle",101,-0.025366,-0.122960,0.075536,0.61691,false
"GLOBAL (all modes, all maps)",pair,"Otis + Piper",197,-0.017585,-0.086121,0.051971,0.61720,false
"GLOBAL (all modes, all maps)",pair,"Pierce + Kit",109,-0.023739,-0.116787,0.070263,0.61748,false
"GLOBAL (all modes, all maps)",pair,"Edgar + Bea",91,0.026856,-0.079654,0.132997,0.61936,false
"GLOBAL (all modes, all maps)",pair,"Bolt + Colt",193,-0.017900,-0.086477,0.052776,0.62016,false
"GLOBAL (all modes, all maps)",pair,"Shade + Ruffs",104,0.023490,-0.068608,0.115280,0.62208,false
"GLOBAL (all modes, all maps)",pair,"Cordelius + Carl",68,-0.029135,-0.144178,0.087149,0.62231,false
"GLOBAL (all modes, all maps)",pair,"Berry + Emz",145,0.020854,-0.062244,0.104969,0.62241,false
"GLOBAL (all modes, all maps)",pair,"Berry + Bibi",147,0.019697,-0.063150,0.097919,0.62386,false
"GLOBAL (all modes, all maps)",pair,"Belle + Byron",151,0.019804,-0.057757,0.097989,0.62411,false
"GLOBAL (all modes, all maps)",pair,"Chester + 8-Bit",239,0.016087,-0.047569,0.079857,0.62412,false
"GLOBAL (all modes, all maps)",pair,"Nani + Gene",119,-0.021768,-0.114098,0.062501,0.62501,false
"GLOBAL (all modes, all maps)",pair,"Colette + Emz",139,0.020408,-0.056557,0.101935,0.62582,false
"GLOBAL (all modes, all maps)",pair,"Griff + Stu",946,0.007900,-0.025449,0.040649,0.62635,false
"GLOBAL (all modes, all maps)",pair,"Bibi + Nita",88,0.025187,-0.083177,0.120554,0.62675,false
"GLOBAL (all modes, all maps)",pair,"Max + Crow",667,0.009175,-0.028673,0.046899,0.62699,false
"GLOBAL (all modes, all maps)",pair,"Carl + Colt",317,-0.013943,-0.071488,0.040580,0.62729,false
"GLOBAL (all modes, all maps)",pair,"Cordelius + Griff",309,-0.013840,-0.071469,0.039335,0.62741,false
"GLOBAL (all modes, all maps)",pair,"Starr Nova + Colt",496,0.010574,-0.033825,0.050606,0.62782,false
"GLOBAL (all modes, all maps)",pair,"Bolt + Berry",77,0.026104,-0.079987,0.130200,0.62876,false
"GLOBAL (all modes, all maps)",pair,"Najia + Mandy",94,-0.024324,-0.126085,0.073568,0.62933,false
"GLOBAL (all modes, all maps)",pair,"Poco + Crow",67,0.028695,-0.088665,0.152454,0.63040,false
"GLOBAL (all modes, all maps)",pair,"Pierce + Bull",107,-0.023668,-0.116391,0.071056,0.63148,false
"GLOBAL (all modes, all maps)",pair,"Lou + Max",155,-0.018986,-0.095859,0.063228,0.63249,false
"GLOBAL (all modes, all maps)",pair,"Grom + Spike",74,0.027163,-0.087920,0.143105,0.63252,false
"GLOBAL (all modes, all maps)",pair,"Colette + Colt",338,0.012657,-0.037703,0.065897,0.63329,false
"GLOBAL (all modes, all maps)",pair,"Angelo + Meg",63,0.028916,-0.083127,0.149467,0.63333,false
"GLOBAL (all modes, all maps)",pair,"Angelo + Chuck",66,-0.030240,-0.151541,0.092870,0.63420,false
"GLOBAL (all modes, all maps)",pair,"Leon + Tick",159,0.019079,-0.061181,0.096111,0.63442,false
"GLOBAL (all modes, all maps)",pair,"Surge + Penny",334,-0.012943,-0.066183,0.038961,0.63445,false
"GLOBAL (all modes, all maps)",pair,"Griff + Max",968,-0.007756,-0.039855,0.024170,0.63459,false
"GLOBAL (all modes, all maps)",pair,"Meeple + Bo",256,-0.014672,-0.080484,0.042732,0.63510,false
"GLOBAL (all modes, all maps)",pair,"Squeak + 8-Bit",83,0.025360,-0.081840,0.128839,0.63592,false
"GLOBAL (all modes, all maps)",pair,"Leon + Gene",204,-0.016259,-0.083162,0.052257,0.63622,false
"GLOBAL (all modes, all maps)",pair,"Pearl + Edgar",136,-0.020661,-0.106009,0.064993,0.63679,false
"GLOBAL (all modes, all maps)",pair,"Alli + 8-Bit",117,-0.022533,-0.119644,0.069024,0.63703,false
"GLOBAL (all modes, all maps)",pair,"Alli + Griff",217,0.015792,-0.050594,0.078207,0.63783,false
"GLOBAL (all modes, all maps)",pair,"Jessie + Brock",179,0.017133,-0.054541,0.091323,0.63895,false
"GLOBAL (all modes, all maps)",pair,"Mico + Nita",71,-0.027903,-0.149666,0.083425,0.63901,false
"GLOBAL (all modes, all maps)",pair,"Willow + Griff",97,-0.023246,-0.122544,0.072094,0.64017,false
"GLOBAL (all modes, all maps)",pair,"Meeple + Ash",96,-0.023459,-0.117156,0.073924,0.64026,false
"GLOBAL (all modes, all maps)",pair,"Otis + Rico",453,0.010898,-0.033483,0.058341,0.64053,false
"GLOBAL (all modes, all maps)",pair,"Gus + Max",158,-0.018466,-0.097020,0.057712,0.64099,false
"GLOBAL (all modes, all maps)",pair,"Meeple + Byron",277,-0.013870,-0.072024,0.045990,0.64100,false
"GLOBAL (all modes, all maps)",pair,"Angelo + Melodie",72,-0.027731,-0.144585,0.090066,0.64147,false
"GLOBAL (all modes, all maps)",pair,"Berry + Brock",233,0.015314,-0.049689,0.079239,0.64508,false
"GLOBAL (all modes, all maps)",pair,"Carl + Piper",187,-0.016755,-0.088976,0.054686,0.64545,false
"GLOBAL (all modes, all maps)",pair,"Mortis + Dynamike",104,0.022231,-0.070132,0.118483,0.64551,false
"GLOBAL (all modes, all maps)",pair,"Bibi + Spike",156,0.017735,-0.056016,0.094163,0.64721,false
"GLOBAL (all modes, all maps)",pair,"Chester + Spike",156,0.018137,-0.062551,0.098101,0.64809,false
"GLOBAL (all modes, all maps)",pair,"Mico + Mandy",82,-0.024590,-0.132571,0.082486,0.64837,false
"GLOBAL (all modes, all maps)",pair,"Bolt + Fang",75,-0.027079,-0.142450,0.092001,0.65043,false
"GLOBAL (all modes, all maps)",pair,"Gray + Gene",128,0.020082,-0.067614,0.108033,0.65123,false
"GLOBAL (all modes, all maps)",pair,"Cordelius + Meg",133,-0.019261,-0.102085,0.063408,0.65126,false
"GLOBAL (all modes, all maps)",pair,"Meeple + Pearl",123,-0.020397,-0.107570,0.065162,0.65274,false
"GLOBAL (all modes, all maps)",pair,"Edgar + Crow",1010,-0.006987,-0.037468,0.022294,0.65298,false
"GLOBAL (all modes, all maps)",pair,"Meeple + Barley",100,-0.022403,-0.116522,0.079869,0.65300,false
"GLOBAL (all modes, all maps)",pair,"Griff + Spike",507,-0.009766,-0.053508,0.031602,0.65309,false
"GLOBAL (all modes, all maps)",pair,"Colette + Nani",84,-0.024513,-0.135354,0.079898,0.65348,false
"GLOBAL (all modes, all maps)",pair,"Crow + Shelly",72,0.027061,-0.096371,0.147657,0.65450,false
"GLOBAL (all modes, all maps)",pair,"Lumi + Kenji",65,-0.027339,-0.153689,0.087288,0.65568,false
"GLOBAL (all modes, all maps)",pair,"Byron + Rico",223,-0.015100,-0.083641,0.052293,0.65775,false
"GLOBAL (all modes, all maps)",pair,"Eve + Brock",94,0.022680,-0.076426,0.123498,0.65819,false
"GLOBAL (all modes, all maps)",pair,"Otis + Max",322,-0.012325,-0.063594,0.044706,0.65828,false
"GLOBAL (all modes, all maps)",pair,"Kaze + Edgar",93,-0.023142,-0.128120,0.077424,0.65915,false
"GLOBAL (all modes, all maps)",pair,"Edgar + Carl",287,-0.013031,-0.068977,0.045698,0.65939,false
"GLOBAL (all modes, all maps)",pair,"Alli + Piper",64,-0.027985,-0.148800,0.105298,0.65970,false
"GLOBAL (all modes, all maps)",pair,"Mina + Byron",235,0.014189,-0.046279,0.079951,0.65980,false
"GLOBAL (all modes, all maps)",pair,"Pierce + Meeple",544,-0.009575,-0.053271,0.035290,0.66121,false
"GLOBAL (all modes, all maps)",pair,"Meeple + Willow",68,0.026455,-0.093559,0.144243,0.66312,false
"GLOBAL (all modes, all maps)",pair,"Lumi + Max",217,0.014828,-0.049211,0.079969,0.66419,false
"GLOBAL (all modes, all maps)",pair,"Sirius + Meeple",80,-0.023407,-0.133172,0.081090,0.66449,false
"GLOBAL (all modes, all maps)",pair,"Emz + Jessie",112,0.018658,-0.066215,0.101422,0.66630,false
"GLOBAL (all modes, all maps)",pair,"Damian + Pierce",344,-0.011646,-0.062601,0.040937,0.66635,false
"GLOBAL (all modes, all maps)",pair,"Meeple + Nani",68,-0.026088,-0.138810,0.094405,0.66808,false
"GLOBAL (all modes, all maps)",pair,"Mandy + Piper",316,-0.012113,-0.068364,0.042294,0.66978,false
"GLOBAL (all modes, all maps)",pair,"Mina + Crow",327,0.011888,-0.039356,0.069302,0.66996,false
"GLOBAL (all modes, all maps)",pair,"Belle + Gene",124,-0.018978,-0.106319,0.067920,0.67006,false
"GLOBAL (all modes, all maps)",pair,"Bibi + Mortis",131,0.019140,-0.067901,0.110550,0.67148,false
"GLOBAL (all modes, all maps)",pair,"Fang + Max",143,0.017151,-0.060055,0.098921,0.67206,false
"GLOBAL (all modes, all maps)",pair,"Berry + Otis",107,-0.019358,-0.104554,0.072384,0.67271,false
"GLOBAL (all modes, all maps)",pair,"Pierce + Chuck",152,0.016772,-0.062588,0.094731,0.67311,false
"GLOBAL (all modes, all maps)",pair,"Starr Nova + Kit",104,-0.019895,-0.112019,0.072609,0.67352,false
"GLOBAL (all modes, all maps)",pair,"Lou + Mortis",99,-0.021122,-0.117909,0.079895,0.67371,false
"GLOBAL (all modes, all maps)",pair,"Chester + Tick",61,0.027023,-0.100554,0.149098,0.67402,false
"GLOBAL (all modes, all maps)",pair,"Gigi + Meg",67,0.025342,-0.092982,0.135740,0.67461,false
"GLOBAL (all modes, all maps)",pair,"Damian + Fang",63,0.026111,-0.095650,0.154472,0.67587,false
"GLOBAL (all modes, all maps)",pair,"Pierce + Griff",1062,0.006308,-0.023237,0.036782,0.67603,false
"GLOBAL (all modes, all maps)",pair,"Damian + Bo",336,0.011310,-0.041488,0.065105,0.67640,false
"GLOBAL (all modes, all maps)",pair,"Pearl + Emz",60,0.025759,-0.099696,0.149055,0.67650,false
"GLOBAL (all modes, all maps)",pair,"Bolt + Piper",190,0.014830,-0.053380,0.088983,0.67718,false
"GLOBAL (all modes, all maps)",pair,"Kaze + Piper",228,0.013850,-0.048445,0.080693,0.67745,false
"GLOBAL (all modes, all maps)",pair,"Tick + Brock",338,-0.011439,-0.068273,0.040376,0.67745,false
"GLOBAL (all modes, all maps)",pair,"Kaze + Griff",196,0.015356,-0.056378,0.089454,0.67832,false
"GLOBAL (all modes, all maps)",pair,"Mandy + Fang",82,-0.022756,-0.129075,0.088506,0.68029,false
"GLOBAL (all modes, all maps)",pair,"Meg + Bull",190,0.014879,-0.054817,0.087509,0.68092,false
"GLOBAL (all modes, all maps)",pair,"Pierce + Brock",1012,-0.006276,-0.038178,0.024817,0.68092,false
"GLOBAL (all modes, all maps)",pair,"Lumi + Spike",70,-0.024123,-0.143423,0.089038,0.68233,false
"GLOBAL (all modes, all maps)",pair,"Starr Nova + Ruffs",359,-0.010655,-0.058855,0.040950,0.68309,false
"GLOBAL (all modes, all maps)",pair,"Janet + Griff",91,-0.021839,-0.128145,0.084009,0.68520,false
"GLOBAL (all modes, all maps)",pair,"Shade + Bo",81,0.021909,-0.084418,0.128210,0.68548,false
"GLOBAL (all modes, all maps)",pair,"Angelo + 8-Bit",147,0.016394,-0.063597,0.094749,0.68643,false
"GLOBAL (all modes, all maps)",pair,"Starr Nova + Crow",944,0.006511,-0.025237,0.039932,0.68712,false
"GLOBAL (all modes, all maps)",pair,"Moe + Brock",60,-0.025527,-0.156732,0.092019,0.68862,false
"GLOBAL (all modes, all maps)",pair,"8-Bit + Rico",434,0.009809,-0.037883,0.057688,0.68863,false
"GLOBAL (all modes, all maps)",pair,"Pierce + Sprout",141,0.016290,-0.064531,0.093203,0.68971,false
"GLOBAL (all modes, all maps)",pair,"Bolt + Damian",82,-0.021273,-0.125935,0.085939,0.68977,false
"GLOBAL (all modes, all maps)",pair,"Cordelius + Crow",207,0.013460,-0.050123,0.083096,0.69035,false
"GLOBAL (all modes, all maps)",pair,"Fang + Tara",90,-0.021018,-0.120851,0.090041,0.69195,false
"GLOBAL (all modes, all maps)",pair,"Otis + 8-Bit",383,0.009878,-0.039464,0.060697,0.69357,false
"GLOBAL (all modes, all maps)",pair,"Shade + Mortis",88,-0.021206,-0.131446,0.085497,0.69403,false
"GLOBAL (all modes, all maps)",pair,"Pearl + Max",250,-0.012447,-0.073136,0.048741,0.69491,false
"GLOBAL (all modes, all maps)",pair,"Nita + Jessie",65,0.023968,-0.101306,0.149466,0.69806,false
"GLOBAL (all modes, all maps)",pair,"Berry + Jessie",65,0.023701,-0.096247,0.145944,0.69960,false
"GLOBAL (all modes, all maps)",pair,"Fang + Byron",159,0.014932,-0.064479,0.093711,0.69967,false
"GLOBAL (all modes, all maps)",pair,"Lily + Rico",106,0.018246,-0.072645,0.117059,0.69993,false
"GLOBAL (all modes, all maps)",pair,"Najia + Pearl",62,-0.024210,-0.145579,0.104572,0.70273,false
"GLOBAL (all modes, all maps)",pair,"Meg + Gale",76,0.021486,-0.094664,0.131268,0.70276,false
"GLOBAL (all modes, all maps)",pair,"Damian + Bull",63,0.023472,-0.101227,0.150852,0.70824,false
"GLOBAL (all modes, all maps)",pair,"Damian + Spike",115,0.017660,-0.076017,0.111671,0.70849,false
"GLOBAL (all modes, all maps)",pair,"Griff + Leon",326,-0.010439,-0.066390,0.042311,0.70887,false
"GLOBAL (all modes, all maps)",pair,"Starr Nova + Bull",237,0.012324,-0.049748,0.077797,0.70901,false
"GLOBAL (all modes, all maps)",pair,"Kaze + Otis",71,0.022385,-0.091758,0.145057,0.70913,false
"GLOBAL (all modes, all maps)",pair,"Otis + Stu",274,0.011327,-0.047157,0.070883,0.71009,false
"GLOBAL (all modes, all maps)",pair,"8-Bit + Brock",856,0.006368,-0.027444,0.040591,0.71089,false
"GLOBAL (all modes, all maps)",pair,"Meeple + Lily",94,0.019738,-0.087009,0.120321,0.71117,false
"GLOBAL (all modes, all maps)",pair,"Pierce + Squeak",126,0.016265,-0.072812,0.097748,0.71125,false
"GLOBAL (all modes, all maps)",pair,"Belle + Colt",117,-0.017322,-0.105643,0.074040,0.71134,false
"GLOBAL (all modes, all maps)",pair,"Meg + Stu",803,0.006556,-0.027705,0.040448,0.71142,false
"GLOBAL (all modes, all maps)",pair,"Gray + Meg",97,-0.018724,-0.121781,0.075034,0.71205,false
"GLOBAL (all modes, all maps)",pair,"Grom + Crow",61,-0.023174,-0.148919,0.097294,0.71218,false
"GLOBAL (all modes, all maps)",pair,"Ruffs + Surge",378,0.009314,-0.038902,0.059674,0.71222,false
"GLOBAL (all modes, all maps)",pair,"Starr Nova + Penny",225,0.011972,-0.050666,0.075889,0.71345,false
"GLOBAL (all modes, all maps)",pair,"Starr Nova + Kenji",103,-0.017668,-0.110945,0.073345,0.71512,false
"GLOBAL (all modes, all maps)",pair,"Najia + Tick",106,0.017284,-0.078846,0.112866,0.71612,false
"GLOBAL (all modes, all maps)",pair,"Colette + Leon",74,0.021725,-0.096965,0.139124,0.71622,false
"GLOBAL (all modes, all maps)",pair,"Pierce + Chester",234,0.011872,-0.050624,0.076506,0.71622,false
"GLOBAL (all modes, all maps)",pair,"Gene + Crow",162,-0.014630,-0.090547,0.065605,0.71635,false
"GLOBAL (all modes, all maps)",pair,"Pierce + Jessie",69,-0.021353,-0.135622,0.092820,0.71659,false
"GLOBAL (all modes, all maps)",pair,"Nani + Mortis",114,-0.017288,-0.109712,0.074672,0.71708,false
"GLOBAL (all modes, all maps)",pair,"Nani + Piper",397,-0.008976,-0.059192,0.039748,0.71774,false
"GLOBAL (all modes, all maps)",pair,"Bolt + Brock",412,0.008708,-0.036160,0.058902,0.71903,false
"GLOBAL (all modes, all maps)",pair,"Charlie + Griff",118,-0.016514,-0.105782,0.075771,0.72005,false
"GLOBAL (all modes, all maps)",pair,"Buzz + 8-Bit",61,0.022209,-0.096647,0.144107,0.72053,false
"GLOBAL (all modes, all maps)",pair,"Gus + 8-Bit",124,0.016061,-0.074410,0.095907,0.72201,false
"GLOBAL (all modes, all maps)",pair,"Lumi + Meeple",273,0.010458,-0.050576,0.069507,0.72318,false
"GLOBAL (all modes, all maps)",pair,"Meeple + Gus",96,-0.017964,-0.120181,0.078886,0.72348,false
"GLOBAL (all modes, all maps)",pair,"Meeple + Spike",190,0.012869,-0.057153,0.087415,0.72413,false
"GLOBAL (all modes, all maps)",pair,"Bibi + Tara",157,-0.014128,-0.089659,0.065810,0.72437,false
"GLOBAL (all modes, all maps)",pair,"Chester + Stu",301,-0.010018,-0.065065,0.047567,0.72475,false
"GLOBAL (all modes, all maps)",pair,"Gray + Max",170,-0.012831,-0.086767,0.055450,0.72566,false
"GLOBAL (all modes, all maps)",pair,"Amber + Crow",131,0.015925,-0.070284,0.107175,0.72588,false
"GLOBAL (all modes, all maps)",pair,"Lily + Griff",164,-0.013100,-0.081126,0.060389,0.72642,false
"GLOBAL (all modes, all maps)",pair,"Pierce + Emz",206,-0.011865,-0.074683,0.056191,0.72740,false
"GLOBAL (all modes, all maps)",pair,"Starr Nova + Edgar",577,-0.007407,-0.048356,0.033939,0.72741,false
"GLOBAL (all modes, all maps)",pair,"Pearl + Carl",66,-0.021497,-0.149323,0.096206,0.72772,false
"GLOBAL (all modes, all maps)",pair,"Lumi + Mortis",133,0.015267,-0.069688,0.100673,0.72815,false
"GLOBAL (all modes, all maps)",pair,"Najia + Colette",60,-0.022343,-0.144756,0.108826,0.72819,false
"GLOBAL (all modes, all maps)",pair,"Tara + Nita",66,-0.021817,-0.140456,0.108036,0.72830,false
"GLOBAL (all modes, all maps)",pair,"Penny + Crow",379,-0.008739,-0.057656,0.040166,0.72881,false
"GLOBAL (all modes, all maps)",pair,"Mico + Penny",97,0.018019,-0.085532,0.121932,0.72915,false
"GLOBAL (all modes, all maps)",pair,"Gus + Belle",80,-0.018683,-0.125934,0.083384,0.72917,false
"GLOBAL (all modes, all maps)",pair,"Doug + Rico",62,0.022645,-0.104874,0.150087,0.72941,false
"GLOBAL (all modes, all maps)",pair,"Colette + Spike",101,0.017475,-0.076539,0.124332,0.73064,false
"GLOBAL (all modes, all maps)",pair,"Damian + Carl",127,0.015267,-0.069278,0.104579,0.73461,false
"GLOBAL (all modes, all maps)",pair,"Surge + Tara",423,0.007992,-0.039703,0.051827,0.73497,false
"GLOBAL (all modes, all maps)",pair,"Najia + Mortis",128,0.015046,-0.071949,0.101239,0.73608,false
"GLOBAL (all modes, all maps)",pair,"Mina + Leon",114,0.015394,-0.074658,0.109185,0.73920,false
"GLOBAL (all modes, all maps)",pair,"Edgar + Bull",241,0.010592,-0.052598,0.073277,0.73971,false
"GLOBAL (all modes, all maps)",pair,"Stu + Mortis",370,0.008352,-0.042207,0.058493,0.74209,false
"GLOBAL (all modes, all maps)",pair,"Najia + Pierce",163,-0.012857,-0.088262,0.065164,0.74220,false
"GLOBAL (all modes, all maps)",pair,"Colette + Jessie",78,0.018392,-0.088531,0.123212,0.74232,false
"GLOBAL (all modes, all maps)",pair,"Najia + Spike",97,0.016563,-0.080241,0.112857,0.74298,false
"GLOBAL (all modes, all maps)",pair,"Ruffs + 8-Bit",351,0.008655,-0.042269,0.062375,0.74388,false
"GLOBAL (all modes, all maps)",pair,"Angelo + Pearl",94,0.016536,-0.080390,0.120543,0.74615,false
"GLOBAL (all modes, all maps)",pair,"Meeple + Gale",65,0.019917,-0.098643,0.146606,0.74649,false
"GLOBAL (all modes, all maps)",pair,"8-Bit + Penny",236,0.010169,-0.049360,0.073950,0.74660,false
"GLOBAL (all modes, all maps)",pair,"Fang + Bibi",62,0.019624,-0.100373,0.141463,0.74764,false
"GLOBAL (all modes, all maps)",pair,"Belle + Nani",113,-0.015355,-0.110744,0.074336,0.74895,false
"GLOBAL (all modes, all maps)",pair,"Brock + Colt",910,-0.005108,-0.036450,0.026506,0.74938,false
"GLOBAL (all modes, all maps)",pair,"Pierce + Melodie",209,0.010895,-0.055762,0.078182,0.75072,false
"GLOBAL (all modes, all maps)",pair,"Squeak + Piper",112,0.014932,-0.075607,0.107669,0.75141,false
"GLOBAL (all modes, all maps)",pair,"Chester + Piper",64,-0.020289,-0.146390,0.107760,0.75230,false
"GLOBAL (all modes, all maps)",pair,"Sirius + Max",64,0.020090,-0.107397,0.140801,0.75316,false
"GLOBAL (all modes, all maps)",pair,"Mina + Piper",264,-0.009505,-0.070405,0.050896,0.75401,false
"GLOBAL (all modes, all maps)",pair,"Cordelius + 8-Bit",99,0.015583,-0.083890,0.110738,0.75407,false
"GLOBAL (all modes, all maps)",pair,"Stu + 8-Bit",535,0.006857,-0.035586,0.052482,0.75510,false
"GLOBAL (all modes, all maps)",pair,"Damian + Gray",70,-0.018855,-0.140117,0.094650,0.75532,false
"GLOBAL (all modes, all maps)",pair,"Emz + Nita",148,0.012739,-0.064481,0.096168,0.75549,false
"GLOBAL (all modes, all maps)",pair,"Emz + Dynamike",131,-0.013079,-0.093057,0.071159,0.75771,false
"GLOBAL (all modes, all maps)",pair,"Cordelius + Bull",89,0.016347,-0.081463,0.119665,0.75856,false
"GLOBAL (all modes, all maps)",pair,"Surge + Crow",1072,0.004818,-0.026018,0.035391,0.75905,false
"GLOBAL (all modes, all maps)",pair,"Fang + Edgar",159,-0.012339,-0.088192,0.069312,0.75918,false
"GLOBAL (all modes, all maps)",pair,"Kenji + Brock",135,0.012943,-0.070828,0.095980,0.75992,false
"GLOBAL (all modes, all maps)",pair,"Damian + Lou",112,0.014583,-0.077666,0.108858,0.76072,false
"GLOBAL (all modes, all maps)",pair,"Kaze + Max",98,-0.015604,-0.116129,0.086166,0.76074,false
"GLOBAL (all modes, all maps)",pair,"Shade + Griff",391,0.007679,-0.041178,0.055916,0.76138,false
"GLOBAL (all modes, all maps)",pair,"Bibi + Dynamike",145,-0.012139,-0.093342,0.065263,0.76174,false
"GLOBAL (all modes, all maps)",pair,"Meg + Edgar",954,0.004838,-0.027219,0.035220,0.76195,false
"GLOBAL (all modes, all maps)",pair,"Melodie + Griff",117,-0.013700,-0.104743,0.074644,0.76263,false
"GLOBAL (all modes, all maps)",pair,"Meeple + Chester",355,0.008062,-0.044316,0.059758,0.76355,false
"GLOBAL (all modes, all maps)",pair,"Clancy + Edgar",82,0.016147,-0.087477,0.123309,0.76371,false
"GLOBAL (all modes, all maps)",pair,"Griff + Tick",265,0.009320,-0.049680,0.068647,0.76384,false
"GLOBAL (all modes, all maps)",pair,"Sirius + Brock",77,-0.016767,-0.128079,0.090174,0.76424,false
"GLOBAL (all modes, all maps)",pair,"Pierce + Berry",100,0.015024,-0.082271,0.115855,0.76443,false
"GLOBAL (all modes, all maps)",pair,"Otis + Surge",471,0.006924,-0.036685,0.050793,0.76467,false
"GLOBAL (all modes, all maps)",pair,"Ruffs + Emz",149,0.012079,-0.066362,0.091629,0.76571,false
"GLOBAL (all modes, all maps)",pair,"Stu + Bull",92,0.016077,-0.088082,0.119416,0.76576,false
"GLOBAL (all modes, all maps)",triple,"Meeple + Meg + Griff",60,0.018557,-0.106188,0.139420,0.76713,false
"GLOBAL (all modes, all maps)",pair,"Bolt + Penny",86,-0.016049,-0.124472,0.098113,0.76820,false
"GLOBAL (all modes, all maps)",pair,"Meeple + Otis",369,-0.007694,-0.060493,0.041790,0.76833,false
"GLOBAL (all modes, all maps)",pair,"Gus + Piper",228,-0.010223,-0.078398,0.057196,0.76849,false
"GLOBAL (all modes, all maps)",pair,"Meg + Buzz",94,-0.015006,-0.119751,0.084663,0.76892,false
"GLOBAL (all modes, all maps)",pair,"Sprout + Brock",195,-0.010380,-0.078869,0.057865,0.76939,false
"GLOBAL (all modes, all maps)",pair,"Belle + Piper",215,-0.010069,-0.081834,0.057280,0.77194,false
"GLOBAL (all modes, all maps)",pair,"Max + Leon",322,-0.007948,-0.060704,0.046291,0.77436,false
"GLOBAL (all modes, all maps)",pair,"Moe + Griff",116,0.013370,-0.076656,0.108751,0.77447,false
"GLOBAL (all modes, all maps)",pair,"Kaze + Chuck",65,0.018389,-0.112312,0.140292,0.77501,false
"GLOBAL (all modes, all maps)",pair,"Berry + Colette",90,0.014352,-0.082015,0.113568,0.77688,false
"GLOBAL (all modes, all maps)",pair,"Chester + Ash",68,0.017003,-0.100377,0.132332,0.77741,false
"GLOBAL (all modes, all maps)",pair,"Mina + Mandy",64,0.017914,-0.107523,0.143155,0.77772,false
"GLOBAL (all modes, all maps)",pair,"Lumi + 8-Bit",199,0.010126,-0.058838,0.080814,0.77796,false
"GLOBAL (all modes, all maps)",pair,"Fang + Crow",232,0.009185,-0.055618,0.075898,0.77805,false
"GLOBAL (all modes, all maps)",pair,"Meeple + Stu",722,0.005330,-0.030960,0.043757,0.77927,false
"GLOBAL (all modes, all maps)",pair,"Carl + Leon",104,-0.013252,-0.110943,0.074339,0.77945,false
"GLOBAL (all modes, all maps)",pair,"Berry + 8-Bit",172,-0.010335,-0.079892,0.063210,0.78028,false
"GLOBAL (all modes, all maps)",pair,"Max + Piper",916,0.004627,-0.029002,0.034573,0.78057,false
"GLOBAL (all modes, all maps)",pair,"Lou + Penny",74,0.016360,-0.099629,0.126402,0.78108,false
"GLOBAL (all modes, all maps)",pair,"Griff + Gale",142,-0.011449,-0.096401,0.067047,0.78142,false
"GLOBAL (all modes, all maps)",pair,"Griff + Mortis",809,0.004767,-0.028361,0.037623,0.78202,false
"GLOBAL (all modes, all maps)",pair,"Starr Nova + Lily",109,0.013201,-0.077445,0.113227,0.78254,false
"GLOBAL (all modes, all maps)",pair,"Starr Nova + Berry",167,-0.010763,-0.089276,0.063990,0.78315,false
"GLOBAL (all modes, all maps)",pair,"Melodie + Edgar",69,0.016428,-0.112177,0.128978,0.78350,false
"GLOBAL (all modes, all maps)",pair,"Bolt + Starr Nova",236,-0.008852,-0.071899,0.054913,0.78354,false
"GLOBAL (all modes, all maps)",pair,"Damian + Nita",60,0.017672,-0.105759,0.140128,0.78516,false
"GLOBAL (all modes, all maps)",pair,"Squeak + Spike",73,0.016086,-0.099677,0.134065,0.78587,false
"GLOBAL (all modes, all maps)",pair,"Surge + Nita",163,0.010433,-0.067849,0.086648,0.78613,false
"GLOBAL (all modes, all maps)",pair,"Penny + Piper",157,0.011020,-0.067882,0.087764,0.78621,false
"GLOBAL (all modes, all maps)",pair,"Cordelius + Chester",119,-0.012399,-0.103910,0.077422,0.78661,false
"GLOBAL (all modes, all maps)",pair,"Mico + Griff",301,-0.007857,-0.063833,0.048812,0.78694,false
"GLOBAL (all modes, all maps)",pair,"Tara + Spike",219,0.009046,-0.055073,0.075370,0.78824,false
"GLOBAL (all modes, all maps)",pair,"Spike + Colt",235,-0.008790,-0.072335,0.053867,0.78890,false
"GLOBAL (all modes, all maps)",pair,"Byron + Tara",78,-0.015963,-0.129276,0.105169,0.78970,false
"GLOBAL (all modes, all maps)",pair,"Edgar + Piper",422,-0.006292,-0.053366,0.041613,0.79035,false
"GLOBAL (all modes, all maps)",pair,"Surge + Sprout",133,0.011213,-0.072272,0.098666,0.79193,false
"GLOBAL (all modes, all maps)",pair,"Fang + Rico",104,-0.012535,-0.109331,0.081323,0.79339,false
"GLOBAL (all modes, all maps)",triple,"Edgar + Crow + Brock",63,0.015575,-0.102606,0.123820,0.79436,false
"GLOBAL (all modes, all maps)",pair,"Mina + Meg",258,-0.007803,-0.067706,0.054013,0.79544,false
"GLOBAL (all modes, all maps)",pair,"Sprout + Leon",67,0.015190,-0.100933,0.135169,0.79833,false
"GLOBAL (all modes, all maps)",pair,"Otis + Byron",154,-0.010022,-0.083362,0.071107,0.80003,false
"GLOBAL (all modes, all maps)",pair,"Bo + Poco",66,0.015639,-0.104473,0.135936,0.80015,false
"GLOBAL (all modes, all maps)",pair,"Leon + Mortis",237,-0.008165,-0.071574,0.051414,0.80015,false
"GLOBAL (all modes, all maps)",pair,"Meg + Piper",320,0.007092,-0.050415,0.060745,0.80040,false
"GLOBAL (all modes, all maps)",pair,"Surge + Bea",74,-0.014599,-0.125326,0.097957,0.80050,false
"GLOBAL (all modes, all maps)",pair,"Alli + Meg",126,0.011001,-0.072397,0.092390,0.80081,false
"GLOBAL (all modes, all maps)",pair,"Max + Bo",197,-0.009181,-0.080921,0.059438,0.80083,false
"GLOBAL (all modes, all maps)",pair,"Pierce + Fang",219,0.008290,-0.055003,0.074165,0.80124,false
"GLOBAL (all modes, all maps)",pair,"Stu + Tara",212,0.008783,-0.061505,0.076362,0.80162,false
"GLOBAL (all modes, all maps)",pair,"Griff + Poco",113,0.011622,-0.080295,0.103725,0.80223,false
"GLOBAL (all modes, all maps)",pair,"Alli + Emz",61,-0.016097,-0.142619,0.111827,0.80313,false
"GLOBAL (all modes, all maps)",pair,"Colette + Crow",366,0.006394,-0.043339,0.057533,0.80422,false
"GLOBAL (all modes, all maps)",pair,"Ruffs + Tara",101,-0.012355,-0.110278,0.087257,0.80424,false
"GLOBAL (all modes, all maps)",pair,"Mico + Piper",186,0.009046,-0.061908,0.080039,0.80485,false
"GLOBAL (all modes, all maps)",pair,"Pierce + Mico",217,0.008396,-0.055904,0.076269,0.80508,false
"GLOBAL (all modes, all maps)",pair,"Chuck + Colette",100,0.012047,-0.080623,0.109872,0.80546,false
"GLOBAL (all modes, all maps)",pair,"Starr Nova + Stu",610,0.004979,-0.034506,0.045049,0.80832,false
"GLOBAL (all modes, all maps)",pair,"Juju + Griff",78,-0.013845,-0.125505,0.097919,0.80859,false
"GLOBAL (all modes, all maps)",pair,"Squeak + Brock",218,0.007951,-0.056955,0.072212,0.81052,false
"GLOBAL (all modes, all maps)",pair,"Bolt + Leon",96,-0.012023,-0.108860,0.084966,0.81081,false
"GLOBAL (all modes, all maps)",pair,"Lily + Spike",70,-0.013775,-0.122378,0.098192,0.81193,false
"GLOBAL (all modes, all maps)",pair,"Cordelius + Otis",78,0.013007,-0.093380,0.117123,0.81214,false
"GLOBAL (all modes, all maps)",pair,"Chester + Penny",77,-0.013415,-0.132245,0.095654,0.81426,false
"GLOBAL (all modes, all maps)",pair,"Alli + Tara",61,-0.014953,-0.139807,0.110733,0.81428,false
"GLOBAL (all modes, all maps)",pair,"Kaze + Colette",72,0.013360,-0.099116,0.134678,0.81921,false
"GLOBAL (all modes, all maps)",pair,"Gigi + Piper",81,0.013072,-0.102244,0.123315,0.81960,false
"GLOBAL (all modes, all maps)",pair,"Lily + Piper",94,-0.011709,-0.108077,0.093294,0.81989,false
"GLOBAL (all modes, all maps)",pair,"Otis + Colt",353,0.006110,-0.044624,0.060859,0.82003,false
"GLOBAL (all modes, all maps)",pair,"Shade + Cordelius",98,0.011211,-0.088792,0.107137,0.82072,false
"GLOBAL (all modes, all maps)",pair,"Max + Tara",195,0.008045,-0.063964,0.078706,0.82092,false
"GLOBAL (all modes, all maps)",pair,"Lou + Bo",142,-0.009599,-0.094806,0.076421,0.82156,false
"GLOBAL (all modes, all maps)",pair,"Kit + Piper",121,0.010413,-0.079463,0.099229,0.82199,false
"GLOBAL (all modes, all maps)",pair,"Shade + Rico",251,0.007221,-0.057157,0.072176,0.82324,false
"GLOBAL (all modes, all maps)",pair,"Mandy + Bo",87,0.011671,-0.092141,0.113663,0.82379,false
"GLOBAL (all modes, all maps)",pair,"Stu + Edgar",438,-0.005424,-0.050853,0.043491,0.82487,false
"GLOBAL (all modes, all maps)",pair,"Chuck + Carl",66,0.013017,-0.101362,0.123486,0.82528,false
"GLOBAL (all modes, all maps)",pair,"Piper + Bull",63,-0.014200,-0.145511,0.107957,0.82548,false
"GLOBAL (all modes, all maps)",pair,"Leon + Penny",86,-0.012327,-0.123796,0.100768,0.82602,false
"GLOBAL (all modes, all maps)",pair,"Stu + Byron",138,-0.009392,-0.094183,0.068767,0.82712,false
"GLOBAL (all modes, all maps)",pair,"8-Bit + Tara",250,-0.006893,-0.068429,0.056155,0.82727,false
"GLOBAL (all modes, all maps)",pair,"Meg + Sprout",85,0.011875,-0.095032,0.114067,0.82744,false
"GLOBAL (all modes, all maps)",pair,"Starr Nova + Tara",320,0.006032,-0.050793,0.060641,0.82772,false
"GLOBAL (all modes, all maps)",pair,"Larry & Lawrie + Griff",72,0.012632,-0.105937,0.125542,0.82823,false
"GLOBAL (all modes, all maps)",pair,"Mico + Max",70,0.012502,-0.101367,0.127065,0.82839,false
"GLOBAL (all modes, all maps)",pair,"Lou + Emz",124,0.010013,-0.085942,0.096036,0.82885,false
"GLOBAL (all modes, all maps)",pair,"Meg + Frank",93,0.011172,-0.094082,0.113768,0.82898,false
"GLOBAL (all modes, all maps)",pair,"Surge + Tick",239,-0.006900,-0.068985,0.056675,0.83073,false
"GLOBAL (all modes, all maps)",pair,"Rico + Brock",678,0.003862,-0.032326,0.041305,0.83207,false
"GLOBAL (all modes, all maps)",pair,"Bo + Bull",160,-0.008167,-0.087251,0.068587,0.83216,false
"GLOBAL (all modes, all maps)",pair,"Meg + Emz",606,0.004241,-0.033788,0.043605,0.83249,false
"GLOBAL (all modes, all maps)",pair,"Starr Nova + Kaze",127,0.009414,-0.073932,0.100356,0.83262,false
"GLOBAL (all modes, all maps)",pair,"Meeple + Belle",71,-0.012476,-0.127119,0.106961,0.83338,false
"GLOBAL (all modes, all maps)",pair,"Fang + Tick",91,0.011083,-0.100344,0.115354,0.83676,false
"GLOBAL (all modes, all maps)",pair,"Edgar + Brock",956,-0.003377,-0.036901,0.027673,0.83681,false
"GLOBAL (all modes, all maps)",pair,"Gray + Mortis",69,0.012435,-0.107606,0.127525,0.83748,false
"GLOBAL (all modes, all maps)",pair,"Charlie + Piper",100,0.009902,-0.082939,0.105361,0.83763,false
"GLOBAL (all modes, all maps)",pair,"Chuck + Piper",94,0.010219,-0.085053,0.109692,0.83855,false
"GLOBAL (all modes, all maps)",pair,"Alli + Chester",60,0.013136,-0.118545,0.141249,0.84169,false
"GLOBAL (all modes, all maps)",pair,"Lily + 8-Bit",111,0.009535,-0.082874,0.104145,0.84276,false
"GLOBAL (all modes, all maps)",pair,"Ruffs + Byron",131,0.008636,-0.077766,0.099097,0.84314,false
"GLOBAL (all modes, all maps)",pair,"Ruffs + Max",346,0.005367,-0.051795,0.057083,0.84316,false
"GLOBAL (all modes, all maps)",pair,"Griff + Rico",985,-0.003097,-0.033774,0.026523,0.84369,false
"GLOBAL (all modes, all maps)",pair,"Leon + Dynamike",62,-0.013090,-0.138562,0.119140,0.84370,false
"GLOBAL (all modes, all maps)",pair,"Starr Nova + Sprout",92,0.010744,-0.095207,0.115168,0.84375,false
"GLOBAL (all modes, all maps)",pair,"Griff + Sandy",99,-0.009872,-0.109261,0.094034,0.84402,false
"GLOBAL (all modes, all maps)",pair,"Meeple + Max",626,-0.003787,-0.043744,0.034393,0.84421,false
"GLOBAL (all modes, all maps)",pair,"Damian + Kit",192,0.006888,-0.061992,0.074609,0.84603,false
"GLOBAL (all modes, all maps)",pair,"Otis + Nita",81,0.010546,-0.098277,0.118654,0.84657,false
"GLOBAL (all modes, all maps)",pair,"Clancy + Emz",61,0.012318,-0.116999,0.138996,0.84747,false
"GLOBAL (all modes, all maps)",pair,"Byron + Tick",140,-0.007875,-0.086876,0.072302,0.84802,false
"GLOBAL (all modes, all maps)",pair,"Mortis + Colt",201,-0.006557,-0.076319,0.063131,0.85258,false
"GLOBAL (all modes, all maps)",pair,"Griff + Carl",402,-0.004643,-0.054990,0.043721,0.85306,false
"GLOBAL (all modes, all maps)",pair,"Starr Nova + 8-Bit",527,0.004122,-0.039775,0.047625,0.85341,false
"GLOBAL (all modes, all maps)",pair,"Carl + Gene",80,-0.010533,-0.119930,0.104152,0.85362,false
"GLOBAL (all modes, all maps)",pair,"Pierce + Belle",184,-0.006818,-0.081570,0.063107,0.85391,false
"GLOBAL (all modes, all maps)",pair,"Starr Nova + Meeple",647,0.003508,-0.035028,0.038290,0.85435,false
"GLOBAL (all modes, all maps)",pair,"Bibi + Jessie",60,-0.011336,-0.141367,0.109990,0.85609,false
"GLOBAL (all modes, all maps)",pair,"Meg + 8-Bit",618,-0.003508,-0.041333,0.034896,0.85621,false
"GLOBAL (all modes, all maps)",pair,"Chuck + Surge",138,0.007574,-0.071150,0.089269,0.85696,false
"GLOBAL (all modes, all maps)",pair,"Kit + Byron",93,0.009221,-0.089018,0.110572,0.85718,false
"GLOBAL (all modes, all maps)",pair,"Emz + Carl",120,0.008247,-0.081504,0.101053,0.85765,false
"GLOBAL (all modes, all maps)",pair,"Moe + Meg",82,0.009821,-0.102233,0.111458,0.85853,false
"GLOBAL (all modes, all maps)",pair,"Meg + Amber",60,0.011361,-0.109675,0.138291,0.85873,false
"GLOBAL (all modes, all maps)",pair,"Max + Bull",93,0.009234,-0.095715,0.108622,0.85946,false
"GLOBAL (all modes, all maps)",pair,"Colette + Tara",102,-0.008653,-0.104729,0.093960,0.86009,false
"GLOBAL (all modes, all maps)",pair,"Emz + Bibi",316,0.004811,-0.048737,0.058399,0.86056,false
"GLOBAL (all modes, all maps)",pair,"Lumi + Tara",89,-0.009638,-0.111250,0.103141,0.86161,false
"GLOBAL (all modes, all maps)",pair,"Bibi + Carl",89,0.009249,-0.094993,0.113656,0.86194,false
"GLOBAL (all modes, all maps)",pair,"Stu + Dynamike",74,0.010335,-0.109128,0.129374,0.86411,false
"GLOBAL (all modes, all maps)",pair,"Penny + Brock",369,0.004455,-0.049329,0.057228,0.86486,false
"GLOBAL (all modes, all maps)",pair,"Pierce + Shade",99,0.008250,-0.086303,0.103401,0.86604,false
"GLOBAL (all modes, all maps)",pair,"Ruffs + Crow",449,-0.003889,-0.049667,0.040068,0.86679,false
"GLOBAL (all modes, all maps)",pair,"Fang + Stu",103,0.008432,-0.085714,0.106188,0.86758,false
"GLOBAL (all modes, all maps)",pair,"Cordelius + Max",63,0.010622,-0.112152,0.133194,0.86760,false
"GLOBAL (all modes, all maps)",pair,"Belle + Mortis",90,-0.008637,-0.108546,0.090369,0.86782,false
"GLOBAL (all modes, all maps)",pair,"Gigi + Brock",123,-0.007472,-0.097346,0.083794,0.86922,false
"GLOBAL (all modes, all maps)",pair,"Gene + Mortis",219,-0.005679,-0.074950,0.060538,0.86971,false
"GLOBAL (all modes, all maps)",pair,"Mico + Colette",174,0.006132,-0.065186,0.082239,0.86973,false
"GLOBAL (all modes, all maps)",pair,"Meg + Bibi",220,-0.005532,-0.075533,0.058633,0.87016,false
"GLOBAL (all modes, all maps)",pair,"Ruffs + Bo",93,0.008427,-0.092024,0.109581,0.87053,false
"GLOBAL (all modes, all maps)",pair,"Byron + 8-Bit",345,0.004359,-0.048022,0.057402,0.87140,false
"GLOBAL (all modes, all maps)",pair,"Lumi + Crow",421,-0.003949,-0.051108,0.044568,0.87170,false
"GLOBAL (all modes, all maps)",pair,"Kenji + Surge",196,-0.005836,-0.077074,0.065053,0.87182,false
"GLOBAL (all modes, all maps)",pair,"8-Bit + Leon",223,0.005491,-0.058598,0.072134,0.87249,false
"GLOBAL (all modes, all maps)",pair,"Griff + Nani",124,0.007305,-0.073199,0.098926,0.87265,false
"GLOBAL (all modes, all maps)",pair,"Starr Nova + Gus",141,-0.006514,-0.086655,0.075867,0.87281,false
"GLOBAL (all modes, all maps)",pair,"Crow + Jessie",156,0.006403,-0.076169,0.083466,0.87327,false
"GLOBAL (all modes, all maps)",pair,"Damian + Shade",87,-0.008375,-0.112589,0.088850,0.87350,false
"GLOBAL (all modes, all maps)",pair,"Frank + Crow",86,0.008503,-0.098403,0.117065,0.87783,false
"GLOBAL (all modes, all maps)",pair,"Bolt + Surge",275,0.004498,-0.054744,0.061620,0.87843,false
"GLOBAL (all modes, all maps)",pair,"Meg + Tick",201,-0.005381,-0.076667,0.066616,0.87910,false
"GLOBAL (all modes, all maps)",pair,"Kenji + Tara",113,-0.007111,-0.096428,0.086537,0.88148,false
"GLOBAL (all modes, all maps)",pair,"Mina + Spike",85,0.008142,-0.098704,0.116718,0.88212,false
"GLOBAL (all modes, all maps)",pair,"Belle + Surge",133,0.006399,-0.078772,0.096750,0.88357,false
"GLOBAL (all modes, all maps)",pair,"Angelo + Belle",101,-0.007245,-0.101344,0.088019,0.88520,false
"GLOBAL (all modes, all maps)",pair,"Carl + Rico",243,-0.004529,-0.070202,0.056028,0.88521,false
"GLOBAL (all modes, all maps)",pair,"Kaze + 8-Bit",217,0.004720,-0.060037,0.070514,0.88652,false
"GLOBAL (all modes, all maps)",pair,"Gus + Crow",111,0.006764,-0.088957,0.094746,0.88789,false
"GLOBAL (all modes, all maps)",pair,"Edgar + Byron",396,-0.003440,-0.051893,0.044813,0.89068,false
"GLOBAL (all modes, all maps)",pair,"Lumi + Fang",61,-0.008612,-0.128870,0.114650,0.89117,false
"GLOBAL (all modes, all maps)",pair,"Mandy + Spike",149,0.005572,-0.074304,0.084916,0.89135,false
"GLOBAL (all modes, all maps)",pair,"Starr Nova + Piper",561,-0.002837,-0.045549,0.038298,0.89170,false
"GLOBAL (all modes, all maps)",pair,"Clancy + Brock",83,0.007628,-0.102386,0.122561,0.89274,false
"GLOBAL (all modes, all maps)",pair,"Frank + Bo",63,0.008353,-0.114942,0.128020,0.89306,false
"GLOBAL (all modes, all maps)",pair,"Bolt + Lou",81,-0.007609,-0.122091,0.097132,0.89330,false
"GLOBAL (all modes, all maps)",pair,"Damian + Ruffs",177,-0.004935,-0.074910,0.065479,0.89355,false
"GLOBAL (all modes, all maps)",pair,"Squeak + Bo",86,-0.007446,-0.118069,0.105681,0.89359,false
"GLOBAL (all modes, all maps)",pair,"Clancy + Surge",77,0.007442,-0.100866,0.117645,0.89395,false
"GLOBAL (all modes, all maps)",pair,"Lumi + Emz",184,0.004942,-0.068932,0.078213,0.89466,false
"GLOBAL (all modes, all maps)",pair,"Max + Gene",547,0.002848,-0.038843,0.046834,0.89546,false
"GLOBAL (all modes, all maps)",pair,"Kit + Edgar",106,-0.006077,-0.098523,0.083781,0.89605,false
"GLOBAL (all modes, all maps)",pair,"Pierce + Colette",171,-0.004801,-0.077987,0.067039,0.89643,false
"GLOBAL (all modes, all maps)",pair,"Surge + Nani",175,0.005099,-0.071705,0.080780,0.89712,false
"GLOBAL (all modes, all maps)",pair,"Tick + Mortis",142,0.005313,-0.078953,0.087256,0.89737,false
"GLOBAL (all modes, all maps)",pair,"Meg + Bo",572,0.002563,-0.038942,0.038838,0.89866,false
"GLOBAL (all modes, all maps)",pair,"Starr Nova + Chuck",96,0.006376,-0.097738,0.108671,0.90048,false
"GLOBAL (all modes, all maps)",pair,"Mandy + Sprout",69,-0.007922,-0.127732,0.117774,0.90055,false
"GLOBAL (all modes, all maps)",pair,"Mico + Spike",88,-0.006719,-0.112423,0.098003,0.90064,false
"GLOBAL (all modes, all maps)",pair,"Berry + Dynamike",63,-0.007485,-0.123525,0.111226,0.90145,false
"GLOBAL (all modes, all maps)",pair,"Meg + Ruffs",411,0.003123,-0.047482,0.054797,0.90151,false
"GLOBAL (all modes, all maps)",pair,"Sirius + Rico",83,-0.006685,-0.111254,0.098066,0.90237,false
"GLOBAL (all modes, all maps)",pair,"Surge + Brock",1250,-0.001754,-0.029597,0.027952,0.90266,false
"GLOBAL (all modes, all maps)",pair,"Gus + Fang",69,0.007484,-0.120906,0.125605,0.90292,false
"GLOBAL (all modes, all maps)",pair,"Bolt + Ruffs",76,0.007062,-0.098921,0.129653,0.90337,false
"GLOBAL (all modes, all maps)",pair,"Najia + 8-Bit",130,-0.005050,-0.087137,0.080552,0.90420,false
"GLOBAL (all modes, all maps)",pair,"Edgar + 8-Bit",635,-0.002323,-0.040419,0.035659,0.90435,false
"GLOBAL (all modes, all maps)",pair,"Shade + Colette",67,-0.007290,-0.126865,0.111912,0.90462,false
"GLOBAL (all modes, all maps)",pair,"Cordelius + Surge",229,-0.003982,-0.070511,0.061951,0.90526,false
"GLOBAL (all modes, all maps)",pair,"Chester + Brock",309,0.003298,-0.050936,0.057385,0.90531,false
"GLOBAL (all modes, all maps)",pair,"Alli + Rico",132,0.005024,-0.080040,0.089924,0.90731,false
"GLOBAL (all modes, all maps)",pair,"Damian + Otis",297,0.003292,-0.051674,0.059625,0.90848,false
"GLOBAL (all modes, all maps)",pair,"Gene + Penny",72,0.006616,-0.111951,0.117741,0.90858,false
"GLOBAL (all modes, all maps)",pair,"Ruffs + Carl",64,0.006966,-0.110917,0.126390,0.90980,false
"GLOBAL (all modes, all maps)",pair,"Damian + Emz",312,-0.003219,-0.063917,0.051125,0.90993,false
"GLOBAL (all modes, all maps)",pair,"Belle + Brock",274,0.003446,-0.056811,0.063640,0.91024,false
"GLOBAL (all modes, all maps)",pair,"Bolt + Nani",82,0.006255,-0.100354,0.120133,0.91028,false
"GLOBAL (all modes, all maps)",pair,"Najia + Nani",106,0.005295,-0.087097,0.099605,0.91143,false
"GLOBAL (all modes, all maps)",pair,"Pierce + Cordelius",93,-0.005832,-0.108288,0.102577,0.91147,false
"GLOBAL (all modes, all maps)",pair,"Damian + Brock",473,0.002444,-0.039077,0.047429,0.91396,false
"GLOBAL (all modes, all maps)",pair,"Buzz + Brock",101,-0.005549,-0.105600,0.094019,0.91448,false
"GLOBAL (all modes, all maps)",pair,"Gus + Meg",74,0.005801,-0.102904,0.118595,0.91698,false
"GLOBAL (all modes, all maps)",pair,"Meg + Squeak",86,-0.005623,-0.114788,0.099291,0.91751,false
"GLOBAL (all modes, all maps)",pair,"Gigi + Meeple",93,-0.005560,-0.112594,0.103163,0.91853,false
"GLOBAL (all modes, all maps)",pair,"Mina + Brock",358,-0.002703,-0.052813,0.049574,0.91855,false
"GLOBAL (all modes, all maps)",pair,"Edgar + Nani",126,0.004508,-0.082414,0.087946,0.91961,false
"GLOBAL (all modes, all maps)",pair,"Tara + Brock",261,0.003100,-0.055770,0.063315,0.91989,false
"GLOBAL (all modes, all maps)",pair,"Bea + Crow",70,0.005906,-0.111067,0.119636,0.92011,false
"GLOBAL (all modes, all maps)",pair,"Chuck + 8-Bit",84,-0.005404,-0.112383,0.101568,0.92049,false
"GLOBAL (all modes, all maps)",pair,"Lumi + Bull",79,-0.005600,-0.110222,0.102077,0.92064,false
"GLOBAL (all modes, all maps)",pair,"Damian + Bibi",111,0.004681,-0.083394,0.100933,0.92086,false
"GLOBAL (all modes, all maps)",pair,"Stu + Penny",120,0.004586,-0.083799,0.093693,0.92089,false
"GLOBAL (all modes, all maps)",pair,"Mortis + Spike",219,0.003310,-0.063938,0.068410,0.92104,false
"GLOBAL (all modes, all maps)",pair,"Colette + Bibi",77,0.005459,-0.103197,0.118591,0.92291,false
"GLOBAL (all modes, all maps)",pair,"Lily + Leon",62,-0.006024,-0.127460,0.115961,0.92348,false
"GLOBAL (all modes, all maps)",pair,"Mico + Emz",73,0.005712,-0.108536,0.120446,0.92369,false
"GLOBAL (all modes, all maps)",pair,"8-Bit + Nita",90,-0.005057,-0.107253,0.100535,0.92407,false
"GLOBAL (all modes, all maps)",pair,"Pierce + Dynamike",64,0.005902,-0.120691,0.122418,0.92503,false
"GLOBAL (all modes, all maps)",pair,"Lumi + Carl",84,0.005025,-0.102849,0.114875,0.92698,false
"GLOBAL (all modes, all maps)",pair,"Meg + Byron",257,0.002830,-0.058160,0.061732,0.92701,false
"GLOBAL (all modes, all maps)",pair,"Max + Tick",68,-0.005619,-0.130231,0.109255,0.92743,false
"GLOBAL (all modes, all maps)",pair,"Angelo + Leon",75,-0.005057,-0.116124,0.102805,0.92765,false
"GLOBAL (all modes, all maps)",pair,"Lily + Bo",83,-0.004905,-0.110294,0.100085,0.92972,false
"GLOBAL (all modes, all maps)",pair,"Gray + Gus",87,-0.004645,-0.108524,0.098074,0.92997,false
"GLOBAL (all modes, all maps)",pair,"Bolt + Crow",449,-0.002031,-0.049914,0.045004,0.93126,false
"GLOBAL (all modes, all maps)",pair,"Berry + Fang",73,-0.004854,-0.115510,0.122483,0.93361,false
"GLOBAL (all modes, all maps)",pair,"Gus + Rico",73,-0.004826,-0.118775,0.114997,0.93578,false
"GLOBAL (all modes, all maps)",pair,"Bo + Spike",233,-0.002656,-0.068787,0.062531,0.93608,false
"GLOBAL (all modes, all maps)",pair,"Edgar + Frank",141,-0.003285,-0.081959,0.079849,0.93620,false
"GLOBAL (all modes, all maps)",pair,"Emz + Crow",634,-0.001631,-0.041348,0.037504,0.93640,false
"GLOBAL (all modes, all maps)",pair,"Meeple + Shade",311,0.002178,-0.051358,0.057880,0.93729,false
"GLOBAL (all modes, all maps)",pair,"Gene + Colt",77,-0.004436,-0.115287,0.105251,0.93781,false
"GLOBAL (all modes, all maps)",pair,"Bea + Colt",76,0.004312,-0.109438,0.110271,0.94005,false
"GLOBAL (all modes, all maps)",pair,"Gus + Leon",152,-0.003022,-0.081918,0.077108,0.94019,false
"GLOBAL (all modes, all maps)",pair,"Najia + Belle",74,0.004223,-0.099771,0.123315,0.94046,false
"GLOBAL (all modes, all maps)",pair,"Bo + Rico",338,-0.001937,-0.057784,0.048862,0.94330,false
"GLOBAL (all modes, all maps)",pair,"Lou + Crow",251,-0.002238,-0.065208,0.058949,0.94420,false
"GLOBAL (all modes, all maps)",pair,"Starr Nova + Sirius",119,0.003126,-0.089441,0.087581,0.94493,false
"GLOBAL (all modes, all maps)",pair,"Melodie + Piper",183,-0.002566,-0.078141,0.069416,0.94498,false
"GLOBAL (all modes, all maps)",pair,"Starr Nova + Dynamike",105,0.003297,-0.088742,0.096527,0.94539,false
"GLOBAL (all modes, all maps)",pair,"Kenji + 8-Bit",112,0.003169,-0.092020,0.096922,0.94656,false
"GLOBAL (all modes, all maps)",pair,"Surge + Emz",553,-0.001406,-0.043356,0.039505,0.94698,false
"GLOBAL (all modes, all maps)",pair,"Squeak + Byron",114,0.003128,-0.090731,0.096347,0.94718,false
"GLOBAL (all modes, all maps)",pair,"Surge + Darryl",86,-0.003548,-0.103953,0.103923,0.94825,false
"GLOBAL (all modes, all maps)",pair,"Dynamike + Rico",153,-0.002321,-0.080515,0.076335,0.95323,false
"GLOBAL (all modes, all maps)",pair,"Pearl + Meg",117,0.002603,-0.084969,0.094863,0.95497,false
"GLOBAL (all modes, all maps)",pair,"Lumi + Colt",132,-0.002320,-0.082469,0.085644,0.95619,false
"GLOBAL (all modes, all maps)",pair,"Otis + Bo",309,-0.001529,-0.054457,0.056028,0.95788,false
"GLOBAL (all modes, all maps)",pair,"Mico + Meg",111,0.002505,-0.091319,0.095953,0.95861,false
"GLOBAL (all modes, all maps)",pair,"Mina + Otis",96,0.002595,-0.098884,0.101220,0.95963,false
"GLOBAL (all modes, all maps)",pair,"Starr Nova + Emz",418,-0.001232,-0.050292,0.044428,0.96002,false
"GLOBAL (all modes, all maps)",pair,"Penny + Bo",205,-0.001610,-0.070489,0.064779,0.96285,false
"GLOBAL (all modes, all maps)",pair,"Shade + Bibi",126,-0.002052,-0.088313,0.083308,0.96287,false
"GLOBAL (all modes, all maps)",pair,"Pearl + Mandy",61,0.002969,-0.126893,0.124629,0.96293,false
"GLOBAL (all modes, all maps)",pair,"Grom + Brock",154,0.001894,-0.081961,0.081255,0.96317,false
"GLOBAL (all modes, all maps)",pair,"Surge + El Primo",60,-0.003030,-0.130307,0.129331,0.96331,false
"GLOBAL (all modes, all maps)",pair,"Meeple + Ruffs",342,-0.001217,-0.052478,0.051832,0.96347,false
"GLOBAL (all modes, all maps)",pair,"Chuck + Griff",183,0.001625,-0.069993,0.069161,0.96349,false
"GLOBAL (all modes, all maps)",pair,"Pearl + Stu",89,-0.002408,-0.104728,0.104654,0.96452,false
"GLOBAL (all modes, all maps)",pair,"Emz + Tara",316,0.001187,-0.053966,0.051401,0.96486,false
"GLOBAL (all modes, all maps)",pair,"Pierce + Tick",126,-0.001947,-0.087431,0.089231,0.96496,false
"GLOBAL (all modes, all maps)",pair,"Kit + Rico",88,0.002291,-0.104076,0.107637,0.96553,false
"GLOBAL (all modes, all maps)",pair,"Starr Nova + Shade",208,0.001443,-0.064486,0.070105,0.96656,false
"GLOBAL (all modes, all maps)",pair,"Chester + Griff",759,0.000721,-0.034367,0.034705,0.96714,false
"GLOBAL (all modes, all maps)",pair,"Surge + Barley",114,0.001935,-0.091369,0.095399,0.96735,false
"GLOBAL (all modes, all maps)",pair,"Bolt + Pierce",240,-0.001239,-0.065139,0.056751,0.96814,false
"GLOBAL (all modes, all maps)",pair,"Leon + Bo",155,0.001476,-0.072609,0.081763,0.97008,false
"GLOBAL (all modes, all maps)",pair,"Grom + Colt",66,-0.002285,-0.125053,0.118273,0.97057,false
"GLOBAL (all modes, all maps)",pair,"Lou + Brock",105,-0.001697,-0.093969,0.095291,0.97181,false
"GLOBAL (all modes, all maps)",pair,"Shade + Brock",201,0.001131,-0.063700,0.069948,0.97403,false
"GLOBAL (all modes, all maps)",pair,"Squeak + Emz",85,-0.001792,-0.111405,0.111163,0.97429,false
"GLOBAL (all modes, all maps)",pair,"Sprout + Max",172,0.001146,-0.073105,0.077720,0.97593,false
"GLOBAL (all modes, all maps)",pair,"Berry + Stu",71,0.001740,-0.112396,0.120516,0.97645,false
"GLOBAL (all modes, all maps)",pair,"Meg + Crow",1056,0.000441,-0.030151,0.029150,0.97672,false
"GLOBAL (all modes, all maps)",pair,"Chester + Lou",71,-0.001687,-0.115583,0.123526,0.97798,false
"GLOBAL (all modes, all maps)",pair,"Willow + Crow",63,0.001690,-0.115460,0.128885,0.97807,false
"GLOBAL (all modes, all maps)",pair,"Grom + Byron",92,-0.001310,-0.105118,0.100056,0.97994,false
"GLOBAL (all modes, all maps)",pair,"Bolt + Mandy",100,0.001181,-0.101040,0.099641,0.98133,false
"GLOBAL (all modes, all maps)",pair,"Jessie + Colt",143,-0.000581,-0.079747,0.080339,0.98886,false
"GLOBAL (all modes, all maps)",pair,"Crow + Rico",911,0.000220,-0.030543,0.034491,0.98924,false
"GLOBAL (all modes, all maps)",pair,"Fang + Nani",75,-0.000577,-0.111961,0.106676,0.99191,false
"GLOBAL (all modes, all maps)",pair,"Mina + Bo",122,0.000410,-0.087259,0.088005,0.99289,false
"GLOBAL (all modes, all maps)",pair,"Ash + Bo",62,0.000487,-0.124631,0.120111,0.99372,false
"GLOBAL (all modes, all maps)",pair,"Edgar + Poco",81,0.000441,-0.106892,0.119113,0.99375,false
"GLOBAL (all modes, all maps)",pair,"Mandy + 8-Bit",208,-0.000172,-0.065542,0.068525,0.99606,false
"GLOBAL (all modes, all maps)",pair,"Meg + Poco",114,0.000218,-0.093802,0.090060,0.99632,false
"GLOBAL (all modes, all maps)",pair,"Emz + Brock",355,0.000112,-0.051631,0.050769,0.99652,false
"GLOBAL (all modes, all maps)",pair,"Mina + Pearl",62,0.000048,-0.131718,0.118464,0.99940,false
